accession	message	sample_name	sample_title	bioproject_accession	organism	strain	isolate	breed	cultivar	ecotype	age	dev_stage	collection_date	geo_loc_name	sex	tissue	biomaterial_provider	birth_date	birth_location	breeding_history	breeding_method	cell_line	cell_subtype	cell_type	collected_by	culture_collection	death_date	disease	disease_stage	genotype	growth_protocol	health_state	isolation_source	lat_lon	phenotype	sample_type	specimen_voucher	store_cond	stud_book_number	treatment	description	gmgi_sequence_id
SAMN52748436	Successfully loaded	Mae-263	108311		Melanogrammus aeglefinus	Not applicable	Not applicable	Not applicable	Not applicable	Not applicable	0.65	Immature	2022-10-24	USA: Gulf of Maine	male	fin clip																									Mae-263	Mae-263
SAMN52748437	Successfully loaded	Mae-266	110359		Melanogrammus aeglefinus	Not applicable	Not applicable	Not applicable	Not applicable	Not applicable	0.65	Immature	2022-10-24	USA: Gulf of Maine	female	fin clip																									Mae-266	Mae-266
SAMN52748438	Successfully loaded	Mae-274	121488		Melanogrammus aeglefinus	Not applicable	Not applicable	Not applicable	Not applicable	Not applicable	6.65	Resting	2022-10-26	USA: Gulf of Maine	female	fin clip																									Mae-274	Mae-274
SAMN52748439	Successfully loaded	Mae-278	123178		Melanogrammus aeglefinus	Not applicable	Not applicable	Not applicable	Not applicable	Not applicable	3.65	Resting	2022-11-02	USA: Gulf of Maine	female	fin clip																									Mae-278	Mae-278
SAMN52748440	Successfully loaded	Mae-281	124417		Melanogrammus aeglefinus	Not applicable	Not applicable	Not applicable	Not applicable	Not applicable	2.65	Resting	2022-11-02	USA: Gulf of Maine	male	fin clip																									Mae-281	Mae-281
SAMN52748441	Successfully loaded	Mae-285	125302		Melanogrammus aeglefinus	Not applicable	Not applicable	Not applicable	Not applicable	Not applicable	0.65	Immature	2022-11-02	USA: Gulf of Maine	male	fin clip																									Mae-285	Mae-285
SAMN52748442	Successfully loaded	Mae-293	129424		Melanogrammus aeglefinus	Not applicable	Not applicable	Not applicable	Not applicable	Not applicable	2.65	Developing	2022-11-03	USA: Gulf of Maine	female	fin clip																									Mae-293	Mae-293
SAMN52748443	Successfully loaded	Mae-294	129430		Melanogrammus aeglefinus	Not applicable	Not applicable	Not applicable	Not applicable	Not applicable	9.65	Developing	2022-11-03	USA: Gulf of Maine	female	fin clip																									Mae-294	Mae-294
SAMN52748444	Successfully loaded	Mae-295	129439		Melanogrammus aeglefinus	Not applicable	Not applicable	Not applicable	Not applicable	Not applicable	5.65	Developing	2022-11-03	USA: Gulf of Maine	female	fin clip																									Mae-295	Mae-295
SAMN52748445	Successfully loaded	Mae-298	129506		Melanogrammus aeglefinus	Not applicable	Not applicable	Not applicable	Not applicable	Not applicable	1.65	Immature	2022-11-03	USA: Gulf of Maine	male	fin clip																									Mae-298	Mae-298
SAMN52748446	Successfully loaded	Mae-302	133569		Melanogrammus aeglefinus	Not applicable	Not applicable	Not applicable	Not applicable	Not applicable	4.65	Resting	2022-11-03	USA: Gulf of Maine	female	fin clip																									Mae-302	Mae-302
SAMN52748447	Successfully loaded	Mae-305	133670		Melanogrammus aeglefinus	Not applicable	Not applicable	Not applicable	Not applicable	Not applicable	9.65	Resting	2022-11-03	USA: Gulf of Maine	male	fin clip																									Mae-305	Mae-305
SAMN52748448	Successfully loaded	Mae-310	137637		Melanogrammus aeglefinus	Not applicable	Not applicable	Not applicable	Not applicable	Not applicable	0.65	Immature	2022-11-04	USA: Gulf of Maine	male	fin clip																									Mae-310	Mae-310
SAMN52748449	Successfully loaded	Mae-311	138050		Melanogrammus aeglefinus	Not applicable	Not applicable	Not applicable	Not applicable	Not applicable	1.65	Resting	2022-11-04	USA: Gulf of Maine	male	fin clip																									Mae-311	Mae-311
SAMN52748450	Successfully loaded	Mae-317	140009		Melanogrammus aeglefinus	Not applicable	Not applicable	Not applicable	Not applicable	Not applicable	6.65	Resting	2022-11-05	USA: Gulf of Maine	male	fin clip																									Mae-317	Mae-317
SAMN52748451	Successfully loaded	Mae-322	141062		Melanogrammus aeglefinus	Not applicable	Not applicable	Not applicable	Not applicable	Not applicable	7.65	Resting	2022-11-05	USA: Gulf of Maine	male	fin clip																									Mae-322	Mae-322
SAMN52748452	Successfully loaded	Mae-327	141293		Melanogrammus aeglefinus	Not applicable	Not applicable	Not applicable	Not applicable	Not applicable	6.65	Resting	2022-11-05	USA: Gulf of Maine	female	fin clip																									Mae-327	Mae-327
SAMN52748453	Successfully loaded	Mae-329	141299		Melanogrammus aeglefinus	Not applicable	Not applicable	Not applicable	Not applicable	Not applicable	4.65	Resting	2022-11-05	USA: Gulf of Maine	female	fin clip																									Mae-329	Mae-329
SAMN52748454	Successfully loaded	Mae-330	141303		Melanogrammus aeglefinus	Not applicable	Not applicable	Not applicable	Not applicable	Not applicable	3.65	Resting	2022-11-05	USA: Gulf of Maine	female	fin clip																									Mae-330	Mae-330
SAMN52748455	Successfully loaded	Mae-338	141790		Melanogrammus aeglefinus	Not applicable	Not applicable	Not applicable	Not applicable	Not applicable	4.65	Resting	2022-11-05	USA: Gulf of Maine	female	fin clip																									Mae-338	Mae-338
SAMN52748456	Successfully loaded	Mae-342	142418		Melanogrammus aeglefinus	Not applicable	Not applicable	Not applicable	Not applicable	Not applicable	9.65	Developing	2022-11-05	USA: Gulf of Maine	female	fin clip																									Mae-342	Mae-342
SAMN52748457	Successfully loaded	Mae-343	144394		Melanogrammus aeglefinus	Not applicable	Not applicable	Not applicable	Not applicable	Not applicable	2.65	Resting	2022-11-06	USA: Gulf of Maine	male	fin clip																									Mae-343	Mae-343
SAMN52748458	Successfully loaded	Mae-344	144802		Melanogrammus aeglefinus	Not applicable	Not applicable	Not applicable	Not applicable	Not applicable	7.65	Resting	2022-11-06	USA: Gulf of Maine	male	fin clip																									Mae-344	Mae-344
SAMN52748459	Successfully loaded	Mae-350	147245		Melanogrammus aeglefinus	Not applicable	Not applicable	Not applicable	Not applicable	Not applicable	6.65	Resting	2022-11-07	USA: Gulf of Maine	male	fin clip																									Mae-350	Mae-350
SAMN52748460	Successfully loaded	Mae-352	149304		Melanogrammus aeglefinus	Not applicable	Not applicable	Not applicable	Not applicable	Not applicable	2.65	Resting	2022-11-07	USA: Gulf of Maine	male	fin clip																									Mae-352	Mae-352
SAMN52748461	Successfully loaded	Mae-356	150748		Melanogrammus aeglefinus	Not applicable	Not applicable	Not applicable	Not applicable	Not applicable	1.65	Immature	2022-11-07	USA: Gulf of Maine	female	fin clip																									Mae-356	Mae-356
SAMN52748462	Successfully loaded	Mae-368	155458		Melanogrammus aeglefinus	Not applicable	Not applicable	Not applicable	Not applicable	Not applicable	2.65	Resting	2022-11-09	USA: Gulf of Maine	male	fin clip																									Mae-368	Mae-368
SAMN52748463	Successfully loaded	Mae-371	156196		Melanogrammus aeglefinus	Not applicable	Not applicable	Not applicable	Not applicable	Not applicable	1.65	Resting	2022-11-09	USA: Gulf of Maine	female	fin clip																									Mae-371	Mae-371
SAMN52748464	Successfully loaded	Mae-378	157927		Melanogrammus aeglefinus	Not applicable	Not applicable	Not applicable	Not applicable	Not applicable	1.65	Immature	2022-11-10	USA: Gulf of Maine	male	fin clip																									Mae-378	Mae-378
SAMN52748465	Successfully loaded	Mae-379	158002		Melanogrammus aeglefinus	Not applicable	Not applicable	Not applicable	Not applicable	Not applicable	6.65	Resting	2022-11-10	USA: Gulf of Maine	female	fin clip																									Mae-379	Mae-379
SAMN52748466	Successfully loaded	Mae-384	158126		Melanogrammus aeglefinus	Not applicable	Not applicable	Not applicable	Not applicable	Not applicable	2.65	Resting	2022-11-10	USA: Gulf of Maine	male	fin clip																									Mae-384	Mae-384
SAMN52748467	Successfully loaded	Mae-390	158737		Melanogrammus aeglefinus	Not applicable	Not applicable	Not applicable	Not applicable	Not applicable	9.65	Resting	2022-11-10	USA: Gulf of Maine	male	fin clip																									Mae-390	Mae-390
SAMN52748468	Successfully loaded	Mae-396	160224		Melanogrammus aeglefinus	Not applicable	Not applicable	Not applicable	Not applicable	Not applicable	7.65	Resting	2022-11-10	USA: Gulf of Maine	female	fin clip																									Mae-396	Mae-396
SAMN52748469	Successfully loaded	Mae-399	168013		Melanogrammus aeglefinus	Not applicable	Not applicable	Not applicable	Not applicable	Not applicable	9.65	Resting	2022-11-11	USA: Gulf of Maine	male	fin clip																									Mae-399	Mae-399
SAMN52748470	Successfully loaded	Mae-403	175841		Melanogrammus aeglefinus	Not applicable	Not applicable	Not applicable	Not applicable	Not applicable	5.65	Resting	2022-11-13	USA: Gulf of Maine	male	fin clip																									Mae-403	Mae-403
SAMN52748471	Successfully loaded	Mae-405	176059		Melanogrammus aeglefinus	Not applicable	Not applicable	Not applicable	Not applicable	Not applicable	3.65	Resting	2022-11-13	USA: Gulf of Maine	female	fin clip																									Mae-405	Mae-405
SAMN52748472	Successfully loaded	Mae-410	176243		Melanogrammus aeglefinus	Not applicable	Not applicable	Not applicable	Not applicable	Not applicable	4.65	Developing	2022-11-13	USA: Gulf of Maine	female	fin clip																									Mae-410	Mae-410
SAMN52748473	Successfully loaded	Mae-414	177468		Melanogrammus aeglefinus	Not applicable	Not applicable	Not applicable	Not applicable	Not applicable	3.65	Resting	2022-11-13	USA: Gulf of Maine	male	fin clip																									Mae-414	Mae-414
SAMN52748474	Successfully loaded	Mae-421	178424		Melanogrammus aeglefinus	Not applicable	Not applicable	Not applicable	Not applicable	Not applicable	6.65	Resting	2022-11-13	USA: Gulf of Maine	female	fin clip																									Mae-421	Mae-421
SAMN52748475	Successfully loaded	Mae-422	184161		Melanogrammus aeglefinus	Not applicable	Not applicable	Not applicable	Not applicable	Not applicable	0.65	Immature	2022-11-14	USA: Gulf of Maine	male	fin clip																									Mae-422	Mae-422
SAMN52748476	Successfully loaded	Mae-424	189062		Melanogrammus aeglefinus	Not applicable	Not applicable	Not applicable	Not applicable	Not applicable	0.65	Immature	2022-11-15	USA: Gulf of Maine	female	fin clip																									Mae-424	Mae-424
SAMN52748477	Successfully loaded	Mae-428	4017		Melanogrammus aeglefinus	Not applicable	Not applicable	Not applicable	Not applicable	Not applicable	10.2	Resting	2023-05-11	USA: Gulf of Maine	female	fin clip																									Mae-428	Mae-428
SAMN52748478	Successfully loaded	Mae-432	4022		Melanogrammus aeglefinus	Not applicable	Not applicable	Not applicable	Not applicable	Not applicable	10.2	Developing	2023-05-11	USA: Gulf of Maine	female	fin clip																									Mae-432	Mae-432
SAMN52748479	Successfully loaded	Mae-436	4028		Melanogrammus aeglefinus	Not applicable	Not applicable	Not applicable	Not applicable	Not applicable	7.2	Resting	2023-05-11	USA: Gulf of Maine	female	fin clip																									Mae-436	Mae-436
SAMN52748480	Successfully loaded	Mae-440	4056		Melanogrammus aeglefinus	Not applicable	Not applicable	Not applicable	Not applicable	Not applicable	7.2	Resting	2023-05-11	USA: Gulf of Maine	female	fin clip																									Mae-440	Mae-440
SAMN52748481	Successfully loaded	Mae-441	4057		Melanogrammus aeglefinus	Not applicable	Not applicable	Not applicable	Not applicable	Not applicable	10.2	Resting	2023-05-11	USA: Gulf of Maine	female	fin clip																									Mae-441	Mae-441
SAMN52748482	Successfully loaded	Mae-474	16832		Melanogrammus aeglefinus	Not applicable	Not applicable	Not applicable	Not applicable	Not applicable	10.2	Spent	2023-05-16	USA: Gulf of Maine	male	fin clip																									Mae-474	Mae-474
SAMN52748483	Successfully loaded	Mae-449	11364		Melanogrammus aeglefinus	Not applicable	Not applicable	Not applicable	Not applicable	Not applicable	7.2	Resting	2023-05-14	USA: Gulf of Maine	female	fin clip																									Mae-449	Mae-449
SAMN52748484	Successfully loaded	Mae-454	12612		Melanogrammus aeglefinus	Not applicable	Not applicable	Not applicable	Not applicable	Not applicable	3.2	Spent	2023-05-15	USA: Gulf of Maine	male	fin clip																									Mae-454	Mae-454
SAMN52748485	Successfully loaded	Mae-464	14932		Melanogrammus aeglefinus	Not applicable	Not applicable	Not applicable	Not applicable	Not applicable	10.2	Developing	2023-05-15	USA: Gulf of Maine	female	fin clip																									Mae-464	Mae-464
SAMN52748486	Successfully loaded	Mae-468	16122		Melanogrammus aeglefinus	Not applicable	Not applicable	Not applicable	Not applicable	Not applicable	3.2	Spent	2023-05-15	USA: Gulf of Maine	female	fin clip																									Mae-468	Mae-468
SAMN52748487	Successfully loaded	Mae-470	16576		Melanogrammus aeglefinus	Not applicable	Not applicable	Not applicable	Not applicable	Not applicable	2.2	Spent	2023-05-16	USA: Gulf of Maine	female	fin clip																									Mae-470	Mae-470
SAMN52748488	Successfully loaded	Mae-475	17318		Melanogrammus aeglefinus	Not applicable	Not applicable	Not applicable	Not applicable	Not applicable	9.2	Resting	2023-05-16	USA: Gulf of Maine	female	fin clip																									Mae-475	Mae-475
SAMN52748489	Successfully loaded	Mae-477	18056		Melanogrammus aeglefinus	Not applicable	Not applicable	Not applicable	Not applicable	Not applicable	4.2	Developing	2023-05-16	USA: Gulf of Maine	male	fin clip																									Mae-477	Mae-477
SAMN52748490	Successfully loaded	Mae-481	19030		Melanogrammus aeglefinus	Not applicable	Not applicable	Not applicable	Not applicable	Not applicable	2.2	Resting	2023-05-17	USA: Gulf of Maine	female	fin clip																									Mae-481	Mae-481
SAMN52748491	Successfully loaded	Mae-488	20029		Melanogrammus aeglefinus	Not applicable	Not applicable	Not applicable	Not applicable	Not applicable	3.2	Spent	2023-05-18	USA: Gulf of Maine	female	fin clip																									Mae-488	Mae-488
SAMN52748492	Successfully loaded	Mae-495	21168		Melanogrammus aeglefinus	Not applicable	Not applicable	Not applicable	Not applicable	Not applicable	2.2	Resting	2023-05-18	USA: Gulf of Maine	female	fin clip																									Mae-495	Mae-495
SAMN52748493	Successfully loaded	Mae-496	21180		Melanogrammus aeglefinus	Not applicable	Not applicable	Not applicable	Not applicable	Not applicable	3.2	Resting	2023-05-18	USA: Gulf of Maine	female	fin clip																									Mae-496	Mae-496
SAMN52748494	Successfully loaded	Mae-499	21808		Melanogrammus aeglefinus	Not applicable	Not applicable	Not applicable	Not applicable	Not applicable	10.2	Ripe	2023-05-18	USA: Gulf of Maine	male	fin clip																									Mae-499	Mae-499
SAMN52748495	Successfully loaded	Mae-501	21820		Melanogrammus aeglefinus	Not applicable	Not applicable	Not applicable	Not applicable	Not applicable	4.2	Ripe	2023-05-18	USA: Gulf of Maine	male	fin clip																									Mae-501	Mae-501
SAMN52748496	Successfully loaded	Mae-502	21840		Melanogrammus aeglefinus	Not applicable	Not applicable	Not applicable	Not applicable	Not applicable	5.2	Spent	2023-05-18	USA: Gulf of Maine	female	fin clip																									Mae-502	Mae-502
SAMN52748497	Successfully loaded	Mae-509	22977		Melanogrammus aeglefinus	Not applicable	Not applicable	Not applicable	Not applicable	Not applicable	5.2	Resting	2023-05-19	USA: Gulf of Maine	male	fin clip																									Mae-509	Mae-509
SAMN52748498	Successfully loaded	Mae-512	23999		Melanogrammus aeglefinus	Not applicable	Not applicable	Not applicable	Not applicable	Not applicable	2.2	Immature	2023-05-19	USA: Gulf of Maine	male	fin clip																									Mae-512	Mae-512
SAMN52748499	Successfully loaded	Mae-519	25508		Melanogrammus aeglefinus	Not applicable	Not applicable	Not applicable	Not applicable	Not applicable	5.2	Resting	2023-05-20	USA: Gulf of Maine	female	fin clip																									Mae-519	Mae-519
SAMN52748500	Successfully loaded	Mae-520	28871		Melanogrammus aeglefinus	Not applicable	Not applicable	Not applicable	Not applicable	Not applicable	3.2	Resting	2023-05-21	USA: Gulf of Maine	female	fin clip																									Mae-520	Mae-520
SAMN52748501	Successfully loaded	Mae-524	30504		Melanogrammus aeglefinus	Not applicable	Not applicable	Not applicable	Not applicable	Not applicable	10.2	Developing	2023-05-21	USA: Gulf of Maine	male	fin clip																									Mae-524	Mae-524
SAMN52748502	Successfully loaded	Mae-525	30649		Melanogrammus aeglefinus	Not applicable	Not applicable	Not applicable	Not applicable	Not applicable	7.2	Developing	2023-05-21	USA: Gulf of Maine	male	fin clip																									Mae-525	Mae-525
SAMN52748503	Successfully loaded	Mae-533	31353		Melanogrammus aeglefinus	Not applicable	Not applicable	Not applicable	Not applicable	Not applicable	2.2	Resting	2023-05-22	USA: Gulf of Maine	female	fin clip																									Mae-533	Mae-533
SAMN52748504	Successfully loaded	Mae-535	31416		Melanogrammus aeglefinus	Not applicable	Not applicable	Not applicable	Not applicable	Not applicable	8.2	Resting	2023-05-22	USA: Gulf of Maine	female	fin clip																									Mae-535	Mae-535
SAMN52748505	Successfully loaded	Mae-537	32670		Melanogrammus aeglefinus	Not applicable	Not applicable	Not applicable	Not applicable	Not applicable	1.2	Immature	2023-05-22	USA: Gulf of Maine	male	fin clip																									Mae-537	Mae-537
SAMN52748506	Successfully loaded	Mae-265	109505		Melanogrammus aeglefinus	Not applicable	Not applicable	Not applicable	Not applicable	Not applicable	0.65	Immature	2022-10-24	USA: Gulf of Maine	female	fin clip																									Mae-265	Mae-265
SAMN52748507	Successfully loaded	Mae-271	121196		Melanogrammus aeglefinus	Not applicable	Not applicable	Not applicable	Not applicable	Not applicable	0.65	Immature	2022-10-26	USA: Gulf of Maine	male	fin clip																									Mae-271	Mae-271
SAMN52748508	Successfully loaded	Mae-275	121539		Melanogrammus aeglefinus	Not applicable	Not applicable	Not applicable	Not applicable	Not applicable	1.65	Resting	2022-10-26	USA: Gulf of Maine	female	fin clip																									Mae-275	Mae-275
SAMN52748509	Successfully loaded	Mae-282	124994		Melanogrammus aeglefinus	Not applicable	Not applicable	Not applicable	Not applicable	Not applicable	4.65	Resting	2022-11-02	USA: Gulf of Maine	female	fin clip																									Mae-282	Mae-282
SAMN52748510	Successfully loaded	Mae-284	125056		Melanogrammus aeglefinus	Not applicable	Not applicable	Not applicable	Not applicable	Not applicable	9.65	Resting	2022-11-02	USA: Gulf of Maine	female	fin clip																									Mae-284	Mae-284
SAMN52748511	Successfully loaded	Mae-286	126003		Melanogrammus aeglefinus	Not applicable	Not applicable	Not applicable	Not applicable	Not applicable	3.65	Resting	2022-11-02	USA: Gulf of Maine	male	fin clip																									Mae-286	Mae-286
SAMN52748512	Successfully loaded	Mae-288	126083		Melanogrammus aeglefinus	Not applicable	Not applicable	Not applicable	Not applicable	Not applicable	6.65	Resting	2022-11-02	USA: Gulf of Maine	female	fin clip																									Mae-288	Mae-288
SAMN52748513	Successfully loaded	Mae-292	128694		Melanogrammus aeglefinus	Not applicable	Not applicable	Not applicable	Not applicable	Not applicable	2.65	Resting	2022-11-03	USA: Gulf of Maine	female	fin clip																									Mae-292	Mae-292
SAMN52748514	Successfully loaded	Mae-299	130004		Melanogrammus aeglefinus	Not applicable	Not applicable	Not applicable	Not applicable	Not applicable	0.65	Immature	2022-11-03	USA: Gulf of Maine	male	fin clip																									Mae-299	Mae-299
SAMN52748515	Successfully loaded	Mae-300	132773		Melanogrammus aeglefinus	Not applicable	Not applicable	Not applicable	Not applicable	Not applicable	1.65	Resting	2022-11-03	USA: Gulf of Maine	female	fin clip																									Mae-300	Mae-300
SAMN52748516	Successfully loaded	Mae-303	133617		Melanogrammus aeglefinus	Not applicable	Not applicable	Not applicable	Not applicable	Not applicable	9.65	Resting	2022-11-03	USA: Gulf of Maine	male	fin clip																									Mae-303	Mae-303
SAMN52748517	Successfully loaded	Mae-304	133639		Melanogrammus aeglefinus	Not applicable	Not applicable	Not applicable	Not applicable	Not applicable	8.65	Resting	2022-11-03	USA: Gulf of Maine	female	fin clip																									Mae-304	Mae-304
SAMN52748518	Successfully loaded	Mae-324	141282		Melanogrammus aeglefinus	Not applicable	Not applicable	Not applicable	Not applicable	Not applicable	4.65	Resting	2022-11-05	USA: Gulf of Maine	male	fin clip																									Mae-324	Mae-324
SAMN52748519	Successfully loaded	Mae-325	141285		Melanogrammus aeglefinus	Not applicable	Not applicable	Not applicable	Not applicable	Not applicable	6.65	Resting	2022-11-05	USA: Gulf of Maine	male	fin clip																									Mae-325	Mae-325
SAMN52748520	Successfully loaded	Mae-331	141307		Melanogrammus aeglefinus	Not applicable	Not applicable	Not applicable	Not applicable	Not applicable	2.65	Resting	2022-11-05	USA: Gulf of Maine	female	fin clip																									Mae-331	Mae-331
SAMN52748521	Successfully loaded	Mae-332	141321		Melanogrammus aeglefinus	Not applicable	Not applicable	Not applicable	Not applicable	Not applicable	9.65	Spent	2022-11-05	USA: Gulf of Maine	male	fin clip																									Mae-332	Mae-332
SAMN52748522	Successfully loaded	Mae-334	141767		Melanogrammus aeglefinus	Not applicable	Not applicable	Not applicable	Not applicable	Not applicable	4.65	Resting	2022-11-05	USA: Gulf of Maine	female	fin clip																									Mae-334	Mae-334
SAMN52748523	Successfully loaded	Mae-337	141784		Melanogrammus aeglefinus	Not applicable	Not applicable	Not applicable	Not applicable	Not applicable	7.65	Resting	2022-11-05	USA: Gulf of Maine	female	fin clip																									Mae-337	Mae-337
SAMN52748524	Successfully loaded	Mae-340	142410		Melanogrammus aeglefinus	Not applicable	Not applicable	Not applicable	Not applicable	Not applicable	6.65	Resting	2022-11-05	USA: Gulf of Maine	male	fin clip																									Mae-340	Mae-340
SAMN52748525	Successfully loaded	Mae-346	144830		Melanogrammus aeglefinus	Not applicable	Not applicable	Not applicable	Not applicable	Not applicable	9.65	Resting	2022-11-06	USA: Gulf of Maine	male	fin clip																									Mae-346	Mae-346
SAMN52748526	Successfully loaded	Mae-348	144847		Melanogrammus aeglefinus	Not applicable	Not applicable	Not applicable	Not applicable	Not applicable	2.65	Resting	2022-11-06	USA: Gulf of Maine	female	fin clip																									Mae-348	Mae-348
SAMN52748527	Successfully loaded	Mae-351	147253		Melanogrammus aeglefinus	Not applicable	Not applicable	Not applicable	Not applicable	Not applicable	5.65	Resting	2022-11-07	USA: Gulf of Maine	female	fin clip																									Mae-351	Mae-351
SAMN52748528	Successfully loaded	Mae-355	150319		Melanogrammus aeglefinus	Not applicable	Not applicable	Not applicable	Not applicable	Not applicable	1.65	Resting	2022-11-07	USA: Gulf of Maine	male	fin clip																									Mae-355	Mae-355
SAMN52748529	Successfully loaded	Mae-358	152043		Melanogrammus aeglefinus	Not applicable	Not applicable	Not applicable	Not applicable	Not applicable	1.65	Resting	2022-11-08	USA: Gulf of Maine	male	fin clip																									Mae-358	Mae-358
SAMN52748530	Successfully loaded	Mae-363	154971		Melanogrammus aeglefinus	Not applicable	Not applicable	Not applicable	Not applicable	Not applicable	6.65	Resting	2022-11-09	USA: Gulf of Maine	female	fin clip																									Mae-363	Mae-363
SAMN52748531	Successfully loaded	Mae-364	154973		Melanogrammus aeglefinus	Not applicable	Not applicable	Not applicable	Not applicable	Not applicable	3.65	Resting	2022-11-09	USA: Gulf of Maine	male	fin clip																									Mae-364	Mae-364
SAMN52748532	Successfully loaded	Mae-366	155009		Melanogrammus aeglefinus	Not applicable	Not applicable	Not applicable	Not applicable	Not applicable	2.65	Resting	2022-11-09	USA: Gulf of Maine	female	fin clip																									Mae-366	Mae-366
SAMN52748533	Successfully loaded	Mae-374	156754		Melanogrammus aeglefinus	Not applicable	Not applicable	Not applicable	Not applicable	Not applicable	2.65	Resting	2022-11-10	USA: Gulf of Maine	female	fin clip																									Mae-374	Mae-374
SAMN52748534	Successfully loaded	Mae-377	157595		Melanogrammus aeglefinus	Not applicable	Not applicable	Not applicable	Not applicable	Not applicable	1.65	Immature	2022-11-10	USA: Gulf of Maine	male	fin clip																									Mae-377	Mae-377
SAMN52748535	Successfully loaded	Mae-381	158014		Melanogrammus aeglefinus	Not applicable	Not applicable	Not applicable	Not applicable	Not applicable	6.65	Resting	2022-11-10	USA: Gulf of Maine	female	fin clip																									Mae-381	Mae-381
SAMN52748536	Successfully loaded	Mae-386	158203		Melanogrammus aeglefinus	Not applicable	Not applicable	Not applicable	Not applicable	Not applicable	7.65	Resting	2022-11-10	USA: Gulf of Maine	female	fin clip																									Mae-386	Mae-386
SAMN52748537	Successfully loaded	Mae-394	158963		Melanogrammus aeglefinus	Not applicable	Not applicable	Not applicable	Not applicable	Not applicable	9.65	Developing	2022-11-10	USA: Gulf of Maine	female	fin clip																									Mae-394	Mae-394
SAMN52748538	Successfully loaded	Mae-398	164779		Melanogrammus aeglefinus	Not applicable	Not applicable	Not applicable	Not applicable	Not applicable	1.65	Immature	2022-11-11	USA: Gulf of Maine	female	fin clip																									Mae-398	Mae-398
SAMN52748539	Successfully loaded	Mae-404	176056		Melanogrammus aeglefinus	Not applicable	Not applicable	Not applicable	Not applicable	Not applicable	4.65	Resting	2022-11-13	USA: Gulf of Maine	male	fin clip																									Mae-404	Mae-404
SAMN52748540	Successfully loaded	Mae-407	176069		Melanogrammus aeglefinus	Not applicable	Not applicable	Not applicable	Not applicable	Not applicable	7.65	Resting	2022-11-13	USA: Gulf of Maine	female	fin clip																									Mae-407	Mae-407
SAMN52748541	Successfully loaded	Mae-409	176108		Melanogrammus aeglefinus	Not applicable	Not applicable	Not applicable	Not applicable	Not applicable	3.65	Resting	2022-11-13	USA: Gulf of Maine	female	fin clip																									Mae-409	Mae-409
SAMN52748542	Successfully loaded	Mae-412	176396		Melanogrammus aeglefinus	Not applicable	Not applicable	Not applicable	Not applicable	Not applicable	0.65	Immature	2022-11-13	USA: Gulf of Maine	male	fin clip																									Mae-412	Mae-412
SAMN52748543	Successfully loaded	Mae-418	178222		Melanogrammus aeglefinus	Not applicable	Not applicable	Not applicable	Not applicable	Not applicable	9.65	Resting	2022-11-13	USA: Gulf of Maine	male	fin clip																									Mae-418	Mae-418
SAMN52748544	Successfully loaded	Mae-423	187139		Melanogrammus aeglefinus	Not applicable	Not applicable	Not applicable	Not applicable	Not applicable	0.65	Immature	2022-11-15	USA: Gulf of Maine	female	fin clip																									Mae-423	Mae-423
SAMN52748545	Successfully loaded	Mae-426	3946		Melanogrammus aeglefinus	Not applicable	Not applicable	Not applicable	Not applicable	Not applicable	7.2	Resting	2023-05-11	USA: Gulf of Maine	female	fin clip																									Mae-426	Mae-426
SAMN52748546	Successfully loaded	Mae-431	4020		Melanogrammus aeglefinus	Not applicable	Not applicable	Not applicable	Not applicable	Not applicable	10.2	Resting	2023-05-11	USA: Gulf of Maine	female	fin clip																									Mae-431	Mae-431
SAMN52748547	Successfully loaded	Mae-435	4025		Melanogrammus aeglefinus	Not applicable	Not applicable	Not applicable	Not applicable	Not applicable	10.2	Resting	2023-05-11	USA: Gulf of Maine	female	fin clip																									Mae-435	Mae-435
SAMN52748548	Successfully loaded	Mae-438	4030		Melanogrammus aeglefinus	Not applicable	Not applicable	Not applicable	Not applicable	Not applicable	7.2	Resting	2023-05-11	USA: Gulf of Maine	female	fin clip																									Mae-438	Mae-438
SAMN52748549	Successfully loaded	Mae-443	10273		Melanogrammus aeglefinus	Not applicable	Not applicable	Not applicable	Not applicable	Not applicable	1.2	Developing	2023-05-14	USA: Gulf of Maine	male	fin clip																									Mae-443	Mae-443
SAMN52748550	Successfully loaded	Mae-447	11226		Melanogrammus aeglefinus	Not applicable	Not applicable	Not applicable	Not applicable	Not applicable	7.2	Resting	2023-05-14	USA: Gulf of Maine	female	fin clip																									Mae-447	Mae-447
SAMN52748551	Successfully loaded	Mae-450	11784		Melanogrammus aeglefinus	Not applicable	Not applicable	Not applicable	Not applicable	Not applicable	5.2	Resting	2023-05-14	USA: Gulf of Maine	female	fin clip																									Mae-450	Mae-450
SAMN52748552	Successfully loaded	Mae-451	11785		Melanogrammus aeglefinus	Not applicable	Not applicable	Not applicable	Not applicable	Not applicable	3.2	Spent	2023-05-14	USA: Gulf of Maine	male	fin clip																									Mae-451	Mae-451
SAMN52748553	Successfully loaded	Mae-456	12776		Melanogrammus aeglefinus	Not applicable	Not applicable	Not applicable	Not applicable	Not applicable	4.2	Spent	2023-05-15	USA: Gulf of Maine	male	fin clip																									Mae-456	Mae-456
SAMN52748554	Successfully loaded	Mae-458	13747		Melanogrammus aeglefinus	Not applicable	Not applicable	Not applicable	Not applicable	Not applicable	3.2	Resting	2023-05-15	USA: Gulf of Maine	female	fin clip																									Mae-458	Mae-458
SAMN52748555	Successfully loaded	Mae-459	13765		Melanogrammus aeglefinus	Not applicable	Not applicable	Not applicable	Not applicable	Not applicable	1.2	Immature	2023-05-15	USA: Gulf of Maine	female	fin clip																									Mae-459	Mae-459
SAMN52748556	Successfully loaded	Mae-430	4019		Melanogrammus aeglefinus	Not applicable	Not applicable	Not applicable	Not applicable	Not applicable	10.2	Resting	2023-05-11	USA: Gulf of Maine	female	fin clip																									Mae-430	Mae-430
SAMN52748557	Successfully loaded	Mae-466	15457		Melanogrammus aeglefinus	Not applicable	Not applicable	Not applicable	Not applicable	Not applicable	2.2	Immature	2023-05-15	USA: Gulf of Maine	male	fin clip																									Mae-466	Mae-466
SAMN52748558	Successfully loaded	Mae-472	16789		Melanogrammus aeglefinus	Not applicable	Not applicable	Not applicable	Not applicable	Not applicable	10.2	Spent	2023-05-16	USA: Gulf of Maine	male	fin clip																									Mae-472	Mae-472
SAMN52748559	Successfully loaded	Mae-473	16800		Melanogrammus aeglefinus	Not applicable	Not applicable	Not applicable	Not applicable	Not applicable	2.2	Spent	2023-05-16	USA: Gulf of Maine	male	fin clip																									Mae-473	Mae-473
SAMN52748560	Successfully loaded	Mae-479	18093		Melanogrammus aeglefinus	Not applicable	Not applicable	Not applicable	Not applicable	Not applicable	3.2	Resting	2023-05-16	USA: Gulf of Maine	male	fin clip																									Mae-479	Mae-479
SAMN52748561	Successfully loaded	Mae-482	19298		Melanogrammus aeglefinus	Not applicable	Not applicable	Not applicable	Not applicable	Not applicable	2.2	Resting	2023-05-17	USA: Gulf of Maine	female	fin clip																									Mae-482	Mae-482
SAMN52748562	Successfully loaded	Mae-486	19972		Melanogrammus aeglefinus	Not applicable	Not applicable	Not applicable	Not applicable	Not applicable	7.2	Ripe	2023-05-18	USA: Gulf of Maine	female	fin clip																									Mae-486	Mae-486
SAMN52748563	Successfully loaded	Mae-494	21166		Melanogrammus aeglefinus	Not applicable	Not applicable	Not applicable	Not applicable	Not applicable	3.2	Immature	2023-05-18	USA: Gulf of Maine	male	fin clip																									Mae-494	Mae-494
SAMN52748564	Successfully loaded	Mae-500	21817		Melanogrammus aeglefinus	Not applicable	Not applicable	Not applicable	Not applicable	Not applicable	4.2	Resting	2023-05-18	USA: Gulf of Maine	female	fin clip																									Mae-500	Mae-500
SAMN52748565	Successfully loaded	Mae-504	22262		Melanogrammus aeglefinus	Not applicable	Not applicable	Not applicable	Not applicable	Not applicable	3.2	Resting	2023-05-19	USA: Gulf of Maine	female	fin clip																									Mae-504	Mae-504
SAMN52748566	Successfully loaded	Mae-508	22929		Melanogrammus aeglefinus	Not applicable	Not applicable	Not applicable	Not applicable	Not applicable	5.2	Resting	2023-05-19	USA: Gulf of Maine	male	fin clip																									Mae-508	Mae-508
SAMN52748567	Successfully loaded	Mae-510	22980		Melanogrammus aeglefinus	Not applicable	Not applicable	Not applicable	Not applicable	Not applicable	6.2	Resting	2023-05-19	USA: Gulf of Maine	female	fin clip																									Mae-510	Mae-510
SAMN52748568	Successfully loaded	Mae-511	23689		Melanogrammus aeglefinus	Not applicable	Not applicable	Not applicable	Not applicable	Not applicable	2.2	Ripe	2023-05-19	USA: Gulf of Maine	male	fin clip																									Mae-511	Mae-511
SAMN52748569	Successfully loaded	Mae-517	24602		Melanogrammus aeglefinus	Not applicable	Not applicable	Not applicable	Not applicable	Not applicable	10.2	Spent	2023-05-19	USA: Gulf of Maine	male	fin clip																									Mae-517	Mae-517
SAMN52748570	Successfully loaded	Mae-518	24883		Melanogrammus aeglefinus	Not applicable	Not applicable	Not applicable	Not applicable	Not applicable	5.2	Spent	2023-05-19	USA: Gulf of Maine	female	fin clip																									Mae-518	Mae-518
SAMN52748571	Successfully loaded	Mae-522	30021		Melanogrammus aeglefinus	Not applicable	Not applicable	Not applicable	Not applicable	Not applicable	5.2	Developing	2023-05-21	USA: Gulf of Maine	female	fin clip																									Mae-522	Mae-522
SAMN52748572	Successfully loaded	Mae-523	30422		Melanogrammus aeglefinus	Not applicable	Not applicable	Not applicable	Not applicable	Not applicable	2.2	Developing	2023-05-21	USA: Gulf of Maine	female	fin clip																									Mae-523	Mae-523
SAMN52748573	Successfully loaded	Mae-530	31258		Melanogrammus aeglefinus	Not applicable	Not applicable	Not applicable	Not applicable	Not applicable	7.2	Resting	2023-05-22	USA: Gulf of Maine	male	fin clip																									Mae-530	Mae-530
SAMN52748574	Successfully loaded	Mae-534	31395		Melanogrammus aeglefinus	Not applicable	Not applicable	Not applicable	Not applicable	Not applicable	3.2	Spent	2023-05-22	USA: Gulf of Maine	male	fin clip																									Mae-534	Mae-534
SAMN52748575	Successfully loaded	Mae-536	31895		Melanogrammus aeglefinus	Not applicable	Not applicable	Not applicable	Not applicable	Not applicable	2.2	Resting	2023-05-22	USA: Gulf of Maine	female	fin clip																									Mae-536	Mae-536
