"scaffold","number_of_loci","Sequence.Length"
"OLKM01004954.1",59,19167
"OLKM01003916.1",58,27868
"OLKM01006440.1",48,14280
"OLKM01003606.1",45,33306
"OLKM01000914.1",41,203356
"OLKM01003470.1",40,35807
"OLKM01003581.1",39,33704
"OLKM01004189.1",39,24398
"OLKM01003646.1",37,32726
"OLKM01004065.1",36,25900
"OLKM01004331.1",35,23208
"OLKM01005523.1",35,16879
"OLKM01007458.1",33,11771
"OLKM01003633.1",32,32895
"OLKM01006744.1",31,13509
"OLKM01004874.1",29,19525
"OLKM01003981.1",28,26867
"OLKM01004989.1",27,19009
"OLKM01006865.1",27,13213
"OLKM01007477.1",26,11723
"OLKM01005235.1",25,17894
"OLKM01003773.1",24,30232
"OLKM01004222.1",24,24193
"OLKM01004294.1",24,23593
"OLKM01005562.1",24,16764
"OLKM01006482.1",24,14154
"OLKM01007279.1",24,12143
"OLKM01004429.1",23,22485
"OLKM01004661.1",23,20789
"OLKM01005364.1",23,17414
"OLKM01005822.1",23,15838
"OLKM01006484.1",23,14153
"OLKM01004619.1",22,21112
"OLKM01004662.1",22,20780
"OLKM01006685.1",22,13640
"OLKM01003945.1",21,27519
"OLKM01004565.1",21,21567
"OLKM01008299.1",21,3730
"OLKM01008046.1",20,9905
"OLKM01001343.1",19,145390
"OLKM01004847.1",19,19699
"OLKM01005662.1",19,16387
"OLKM01007038.1",19,12790
"OLKM01007587.1",19,11376
"OLKM01004118.1",18,25259
"OLKM01005460.1",18,17065
"OLKM01006164.1",18,14965
"OLKM01006929.1",18,13079
"OLKM01007468.1",18,11743
"OLKM01005653.1",17,16423
"OLKM01006232.1",17,14790
"OLKM01006540.1",17,13995
"OLKM01006877.1",17,13185
"OLKM01007696.1",17,11037
"OLKM01001613.1",16,118848
"OLKM01002372.1",16,71907
"OLKM01003038.1",16,46129
"OLKM01003570.1",16,33890
"OLKM01004926.1",16,19292
"OLKM01005466.1",16,17057
"OLKM01005741.1",16,16052
"OLKM01000288.1",15,385592
"OLKM01000719.1",15,235560
"OLKM01004064.1",15,25909
"OLKM01004088.1",15,25600
"OLKM01004653.1",15,20850
"OLKM01005649.1",15,16444
"OLKM01006384.1",15,14422
"OLKM01007263.1",15,12177
"OLKM01007794.1",15,10778
"OLKM01000850.1",14,213129
"OLKM01003783.1",14,30024
"OLKM01004537.1",14,21707
"OLKM01005063.1",14,18640
"OLKM01005876.1",14,15697
"OLKM01006344.1",14,14509
"OLKM01007693.1",14,11047
"OLKM01001416.1",13,137774
"OLKM01003437.1",13,36550
"OLKM01003897.1",13,28219
"OLKM01004035.1",13,26304
"OLKM01004136.1",13,25011
"OLKM01004237.1",13,24060
"OLKM01004804.1",13,19980
"OLKM01005886.1",13,15673
"OLKM01006186.1",13,14908
"OLKM01006547.1",13,13968
"OLKM01007068.1",13,12705
"OLKM01000003.1",12,1336224
"OLKM01000816.1",12,217853
"OLKM01002500.1",12,66553
"OLKM01003138.1",12,43018
"OLKM01003363.1",12,37982
"OLKM01003562.1",12,33979
"OLKM01004009.1",12,26591
"OLKM01004292.1",12,23603
"OLKM01004363.1",12,22951
"OLKM01004965.1",12,19114
"OLKM01005695.1",12,16221
"OLKM01005753.1",12,16025
"OLKM01005953.1",12,15480
"OLKM01006158.1",12,14980
"OLKM01006707.1",12,13585
"OLKM01006939.1",12,13059
"OLKM01008071.1",12,9493
"OLKM01000537.1",11,283378
"OLKM01000923.1",11,201119
"OLKM01001933.1",11,94946
"OLKM01002856.1",11,52096
"OLKM01002873.1",11,51574
"OLKM01004455.1",11,22268
"OLKM01004528.1",11,21784
"OLKM01004684.1",11,20636
"OLKM01005265.1",11,17783
"OLKM01005339.1",11,17498
"OLKM01005435.1",11,17174
"OLKM01006016.1",11,15293
"OLKM01006138.1",11,15028
"OLKM01007073.1",11,12696
"OLKM01007113.1",11,12601
"OLKM01007456.1",11,11783
"OLKM01000076.1",10,621435
"OLKM01000397.1",10,331575
"OLKM01000655.1",10,249821
"OLKM01000735.1",10,232469
"OLKM01000885.1",10,208515
"OLKM01001060.1",10,177463
"OLKM01002465.1",10,68025
"OLKM01002728.1",10,56643
"OLKM01003052.1",10,45627
"OLKM01004002.1",10,26664
"OLKM01004336.1",10,23179
"OLKM01004348.1",10,23090
"OLKM01004827.1",10,19822
"OLKM01005397.1",10,17314
"OLKM01005515.1",10,16898
"OLKM01006399.1",10,14380
"OLKM01006663.1",10,13685
"OLKM01006793.1",10,13394
"OLKM01006944.1",10,13038
"OLKM01007104.1",10,12615
"OLKM01007423.1",10,11853
"OLKM01007447.1",10,11801
"OLKM01007774.1",10,10838
"OLKM01007784.1",10,10811
"OLKM01000046.1",9,702404
"OLKM01000265.1",9,399938
"OLKM01000524.1",9,287328
"OLKM01000536.1",9,283446
"OLKM01001422.1",9,137125
"OLKM01001747.1",9,108842
"OLKM01002101.1",9,85267
"OLKM01003162.1",9,42571
"OLKM01003796.1",9,29822
"OLKM01004017.1",9,26482
"OLKM01004396.1",9,22720
"OLKM01004438.1",9,22436
"OLKM01004460.1",9,22237
"OLKM01004487.1",9,22015
"OLKM01004509.1",9,21897
"OLKM01004514.1",9,21867
"OLKM01004668.1",9,20756
"OLKM01004691.1",9,20586
"OLKM01005161.1",9,18192
"OLKM01005974.1",9,15412
"OLKM01006391.1",9,14408
"OLKM01006602.1",9,13849
"OLKM01006873.1",9,13196
"OLKM01006880.1",9,13181
"OLKM01007349.1",9,12002
"OLKM01007644.1",9,11212
"OLKM01008104.1",9,8741
"OLKM01000013.1",8,926208
"OLKM01000162.1",8,482088
"OLKM01000335.1",8,358028
"OLKM01000820.1",8,217343
"OLKM01001051.1",8,179258
"OLKM01001245.1",8,155582
"OLKM01001504.1",8,129282
"OLKM01002122.1",8,84136
"OLKM01002184.1",8,80663
"OLKM01002671.1",8,58947
"OLKM01002718.1",8,56989
"OLKM01003459.1",8,36108
"OLKM01003818.1",8,29460
"OLKM01004042.1",8,26152
"OLKM01004107.1",8,25372
"OLKM01004366.1",8,22928
"OLKM01004832.1",8,19794
"OLKM01004853.1",8,19644
"OLKM01005201.1",8,18043
"OLKM01005283.1",8,17707
"OLKM01005767.1",8,15984
"OLKM01006098.1",8,15118
"OLKM01006174.1",8,14941
"OLKM01006212.1",8,14834
"OLKM01006261.1",8,14700
"OLKM01006324.1",8,14574
"OLKM01006419.1",8,14326
"OLKM01006530.1",8,14021
"OLKM01006683.1",8,13642
"OLKM01006886.1",8,13162
"OLKM01007078.1",8,12687
"OLKM01007097.1",8,12629
"OLKM01007402.1",8,11897
"OLKM01007403.1",8,11894
"OLKM01007958.1",8,10241
"OLKM01007960.1",8,10240
"OLKM01008079.1",8,9322
"OLKM01000221.1",7,431979
"OLKM01000233.1",7,424119
"OLKM01000482.1",7,297213
"OLKM01000610.1",7,260845
"OLKM01000901.1",7,206238
"OLKM01000994.1",7,188302
"OLKM01001173.1",7,164669
"OLKM01001319.1",7,147985
"OLKM01001320.1",7,147967
"OLKM01001333.1",7,146354
"OLKM01001543.1",7,124851
"OLKM01001596.1",7,119958
"OLKM01001630.1",7,117831
"OLKM01001741.1",7,109197
"OLKM01001903.1",7,97486
"OLKM01001956.1",7,93124
"OLKM01002083.1",7,86058
"OLKM01002187.1",7,80533
"OLKM01002428.1",7,69609
"OLKM01002562.1",7,64081
"OLKM01002820.1",7,53495
"OLKM01002871.1",7,51614
"OLKM01002899.1",7,50805
"OLKM01002926.1",7,49848
"OLKM01003211.1",7,41225
"OLKM01003266.1",7,39852
"OLKM01003449.1",7,36281
"OLKM01003523.1",7,34746
"OLKM01003634.1",7,32844
"OLKM01003672.1",7,32333
"OLKM01003846.1",7,28975
"OLKM01003904.1",7,27999
"OLKM01004106.1",7,25377
"OLKM01004264.1",7,23870
"OLKM01004328.1",7,23240
"OLKM01004603.1",7,21252
"OLKM01004787.1",7,20073
"OLKM01005338.1",7,17499
"OLKM01005345.1",7,17477
"OLKM01005430.1",7,17194
"OLKM01005497.1",7,16960
"OLKM01005579.1",7,16709
"OLKM01005679.1",7,16293
"OLKM01005727.1",7,16093
"OLKM01005874.1",7,15705
"OLKM01006063.1",7,15202
"OLKM01006082.1",7,15162
"OLKM01006189.1",7,14905
"OLKM01006549.1",7,13964
"OLKM01006579.1",7,13897
"OLKM01006776.1",7,13421
"OLKM01006997.1",7,12893
"OLKM01007164.1",7,12462
"OLKM01007190.1",7,12402
"OLKM01007435.1",7,11827
"OLKM01007666.1",7,11158
"OLKM01007702.1",7,11020
"OLKM01007799.1",7,10766
"OLKM01007980.1",7,10167
"OLKM01007990.1",7,10141
"OLKM01000031.1",6,796851
"OLKM01000145.1",6,501589
"OLKM01000321.1",6,367295
"OLKM01000387.1",6,336614
"OLKM01000462.1",6,304845
"OLKM01000547.1",6,281182
"OLKM01000687.1",6,242669
"OLKM01000749.1",6,229986
"OLKM01000807.1",6,219401
"OLKM01001011.1",6,186016
"OLKM01001139.1",6,168033
"OLKM01001327.1",6,147188
"OLKM01001495.1",6,130716
"OLKM01001621.1",6,118478
"OLKM01001710.1",6,111544
"OLKM01001755.1",6,108018
"OLKM01001845.1",6,101460
"OLKM01001954.1",6,93436
"OLKM01001968.1",6,92432
"OLKM01002000.1",6,90703
"OLKM01002021.1",6,89454
"OLKM01002129.1",6,83845
"OLKM01002173.1",6,81508
"OLKM01002200.1",6,79778
"OLKM01002371.1",6,71955
"OLKM01002484.1",6,67026
"OLKM01002841.1",6,52806
"OLKM01002881.1",6,51388
"OLKM01002963.1",6,48165
"OLKM01003224.1",6,40914
"OLKM01003443.1",6,36399
"OLKM01003488.1",6,35445
"OLKM01003539.1",6,34355
"OLKM01003576.1",6,33797
"OLKM01003716.1",6,31473
"OLKM01003765.1",6,30296
"OLKM01003860.1",6,28823
"OLKM01003906.1",6,27990
"OLKM01003950.1",6,27402
"OLKM01004006.1",6,26632
"OLKM01004098.1",6,25465
"OLKM01004162.1",6,24731
"OLKM01004214.1",6,24238
"OLKM01004217.1",6,24216
"OLKM01004253.1",6,23947
"OLKM01004422.1",6,22551
"OLKM01004432.1",6,22474
"OLKM01004507.1",6,21902
"OLKM01004542.1",6,21676
"OLKM01004669.1",6,20749
"OLKM01004720.1",6,20434
"OLKM01004763.1",6,20214
"OLKM01004894.1",6,19430
"OLKM01004925.1",6,19298
"OLKM01004927.1",6,19290
"OLKM01005034.1",6,18785
"OLKM01005091.1",6,18495
"OLKM01005276.1",6,17736
"OLKM01005369.1",6,17403
"OLKM01005633.1",6,16526
"OLKM01005642.1",6,16472
"OLKM01005939.1",6,15515
"OLKM01006003.1",6,15340
"OLKM01006045.1",6,15238
"OLKM01006190.1",6,14905
"OLKM01006227.1",6,14796
"OLKM01006330.1",6,14550
"OLKM01006400.1",6,14375
"OLKM01006404.1",6,14370
"OLKM01006429.1",6,14309
"OLKM01006462.1",6,14202
"OLKM01006703.1",6,13592
"OLKM01006822.1",6,13325
"OLKM01007043.1",6,12770
"OLKM01007267.1",6,12169
"OLKM01007338.1",6,12016
"OLKM01007445.1",6,11808
"OLKM01007500.1",6,11674
"OLKM01007678.1",6,11113
"OLKM01007711.1",6,11002
"OLKM01007744.1",6,10908
"OLKM01007972.1",6,10195
"OLKM01008106.1",6,8707
"OLKM01000055.1",5,675028
"OLKM01000069.1",5,644467
"OLKM01000096.1",5,582393
"OLKM01000229.1",5,425757
"OLKM01000242.1",5,416139
"OLKM01000244.1",5,413688
"OLKM01000248.1",5,409905
"OLKM01000355.1",5,348831
"OLKM01000367.1",5,344243
"OLKM01000424.1",5,320630
"OLKM01000433.1",5,318071
"OLKM01000471.1",5,302061
"OLKM01000475.1",5,300115
"OLKM01000551.1",5,280343
"OLKM01000566.1",5,275952
"OLKM01000699.1",5,239613
"OLKM01000775.1",5,224829
"OLKM01000781.1",5,223922
"OLKM01000812.1",5,218524
"OLKM01000857.1",5,211882
"OLKM01001071.1",5,176758
"OLKM01001074.1",5,176477
"OLKM01001237.1",5,156344
"OLKM01001376.1",5,141299
"OLKM01001393.1",5,139922
"OLKM01001445.1",5,135167
"OLKM01001593.1",5,120223
"OLKM01001648.1",5,116424
"OLKM01001783.1",5,105807
"OLKM01002145.1",5,83116
"OLKM01002277.1",5,75954
"OLKM01002478.1",5,67246
"OLKM01002560.1",5,64172
"OLKM01002564.1",5,63950
"OLKM01002738.1",5,56366
"OLKM01002772.1",5,55207
"OLKM01002802.1",5,54351
"OLKM01002874.1",5,51572
"OLKM01002911.1",5,50331
"OLKM01002959.1",5,48523
"OLKM01002966.1",5,47923
"OLKM01002968.1",5,47916
"OLKM01003011.1",5,47083
"OLKM01003105.1",5,44014
"OLKM01003344.1",5,38380
"OLKM01003411.1",5,36998
"OLKM01003417.1",5,36865
"OLKM01003529.1",5,34650
"OLKM01003564.1",5,33958
"OLKM01003580.1",5,33705
"OLKM01003721.1",5,31363
"OLKM01003737.1",5,31054
"OLKM01003738.1",5,31038
"OLKM01003817.1",5,29465
"OLKM01003840.1",5,29059
"OLKM01003848.1",5,28943
"OLKM01003915.1",5,27875
"OLKM01003966.1",5,27165
"OLKM01004008.1",5,26606
"OLKM01004105.1",5,25388
"OLKM01004112.1",5,25313
"OLKM01004281.1",5,23661
"OLKM01004283.1",5,23656
"OLKM01004285.1",5,23653
"OLKM01004318.1",5,23353
"OLKM01004383.1",5,22824
"OLKM01004412.1",5,22620
"OLKM01004475.1",5,22145
"OLKM01004642.1",5,20934
"OLKM01004879.1",5,19475
"OLKM01004890.1",5,19443
"OLKM01004922.1",5,19311
"OLKM01004967.1",5,19108
"OLKM01004976.1",5,19064
"OLKM01005016.1",5,18895
"OLKM01005207.1",5,18009
"OLKM01005219.1",5,17949
"OLKM01005375.1",5,17377
"OLKM01005398.1",5,17311
"OLKM01005422.1",5,17220
"OLKM01005433.1",5,17179
"OLKM01005513.1",5,16908
"OLKM01005636.1",5,16509
"OLKM01005637.1",5,16507
"OLKM01005707.1",5,16170
"OLKM01005766.1",5,15989
"OLKM01005777.1",5,15949
"OLKM01005794.1",5,15912
"OLKM01005800.1",5,15902
"OLKM01005837.1",5,15805
"OLKM01005884.1",5,15674
"OLKM01005952.1",5,15482
"OLKM01005996.1",5,15352
"OLKM01006007.1",5,15331
"OLKM01006008.1",5,15327
"OLKM01006112.1",5,15090
"OLKM01006267.1",5,14684
"OLKM01006321.1",5,14582
"OLKM01006374.1",5,14440
"OLKM01006555.1",5,13951
"OLKM01006620.1",5,13815
"OLKM01006775.1",5,13423
"OLKM01006796.1",5,13391
"OLKM01006829.1",5,13302
"OLKM01006952.1",5,13027
"OLKM01006970.1",5,12970
"OLKM01006972.1",5,12961
"OLKM01006989.1",5,12913
"OLKM01007008.1",5,12873
"OLKM01007151.1",5,12498
"OLKM01007188.1",5,12403
"OLKM01007192.1",5,12395
"OLKM01007273.1",5,12157
"OLKM01007314.1",5,12067
"OLKM01007459.1",5,11759
"OLKM01007478.1",5,11717
"OLKM01007843.1",5,10638
"OLKM01007867.1",5,10571
"OLKM01007903.1",5,10460
"OLKM01007919.1",5,10387
"OLKM01008105.1",5,8737
"OLKM01000012.1",4,959773
"OLKM01000022.1",4,854711
"OLKM01000030.1",4,796949
"OLKM01000083.1",4,606126
"OLKM01000092.1",4,584966
"OLKM01000118.1",4,540805
"OLKM01000147.1",4,499293
"OLKM01000182.1",4,462331
"OLKM01000183.1",4,461331
"OLKM01000185.1",4,460871
"OLKM01000201.1",4,448183
"OLKM01000204.1",4,445980
"OLKM01000209.1",4,442079
"OLKM01000270.1",4,395534
"OLKM01000291.1",4,383068
"OLKM01000376.1",4,339036
"OLKM01000393.1",4,333193
"OLKM01000415.1",4,324841
"OLKM01000456.1",4,308038
"OLKM01000478.1",4,298602
"OLKM01000573.1",4,274692
"OLKM01000626.1",4,256696
"OLKM01000628.1",4,256553
"OLKM01000712.1",4,236809
"OLKM01000758.1",4,228210
"OLKM01000770.1",4,225741
"OLKM01000777.1",4,224304
"OLKM01000806.1",4,219654
"OLKM01000961.1",4,194230
"OLKM01000968.1",4,193284
"OLKM01001103.1",4,172433
"OLKM01001144.1",4,167697
"OLKM01001158.1",4,166399
"OLKM01001159.1",4,166343
"OLKM01001183.1",4,163441
"OLKM01001217.1",4,159779
"OLKM01001258.1",4,153624
"OLKM01001272.1",4,151690
"OLKM01001273.1",4,151664
"OLKM01001279.1",4,150907
"OLKM01001344.1",4,145387
"OLKM01001368.1",4,142022
"OLKM01001375.1",4,141371
"OLKM01001400.1",4,139386
"OLKM01001418.1",4,137516
"OLKM01001478.1",4,131883
"OLKM01001510.1",4,128164
"OLKM01001626.1",4,118255
"OLKM01001770.1",4,106655
"OLKM01001790.1",4,105233
"OLKM01001977.1",4,92015
"OLKM01002070.1",4,86689
"OLKM01002125.1",4,84041
"OLKM01002154.1",4,82722
"OLKM01002189.1",4,80312
"OLKM01002242.1",4,77665
"OLKM01002270.1",4,76278
"OLKM01002288.1",4,75524
"OLKM01002324.1",4,74204
"OLKM01002358.1",4,72679
"OLKM01002464.1",4,68085
"OLKM01002522.1",4,65494
"OLKM01002654.1",4,59648
"OLKM01002662.1",4,59265
"OLKM01002723.1",4,56791
"OLKM01002727.1",4,56646
"OLKM01002745.1",4,56152
"OLKM01002768.1",4,55291
"OLKM01002822.1",4,53470
"OLKM01002828.1",4,53257
"OLKM01002883.1",4,51308
"OLKM01002927.1",4,49780
"OLKM01002957.1",4,48602
"OLKM01003020.1",4,46557
"OLKM01003247.1",4,40251
"OLKM01003364.1",4,37921
"OLKM01003461.1",4,36020
"OLKM01003524.1",4,34727
"OLKM01003531.1",4,34640
"OLKM01003543.1",4,34273
"OLKM01003546.1",4,34260
"OLKM01003613.1",4,33234
"OLKM01003666.1",4,32398
"OLKM01003759.1",4,30454
"OLKM01003870.1",4,28695
"OLKM01003896.1",4,28236
"OLKM01003901.1",4,28136
"OLKM01003912.1",4,27905
"OLKM01003975.1",4,27069
"OLKM01004007.1",4,26615
"OLKM01004049.1",4,26083
"OLKM01004052.1",4,26062
"OLKM01004055.1",4,26021
"OLKM01004116.1",4,25266
"OLKM01004154.1",4,24804
"OLKM01004190.1",4,24386
"OLKM01004276.1",4,23723
"OLKM01004334.1",4,23187
"OLKM01004356.1",4,23042
"OLKM01004362.1",4,22997
"OLKM01004369.1",4,22916
"OLKM01004373.1",4,22871
"OLKM01004375.1",4,22870
"OLKM01004427.1",4,22500
"OLKM01004430.1",4,22482
"OLKM01004527.1",4,21790
"OLKM01004550.1",4,21630
"OLKM01004558.1",4,21595
"OLKM01004570.1",4,21539
"OLKM01004687.1",4,20619
"OLKM01004715.1",4,20466
"OLKM01004745.1",4,20275
"OLKM01004831.1",4,19808
"OLKM01004914.1",4,19334
"OLKM01004991.1",4,18999
"OLKM01005080.1",4,18555
"OLKM01005138.1",4,18281
"OLKM01005153.1",4,18226
"OLKM01005321.1",4,17563
"OLKM01005404.1",4,17288
"OLKM01005406.1",4,17266
"OLKM01005414.1",4,17253
"OLKM01005542.1",4,16822
"OLKM01005548.1",4,16799
"OLKM01005592.1",4,16644
"OLKM01005629.1",4,16545
"OLKM01005710.1",4,16161
"OLKM01005768.1",4,15982
"OLKM01005894.1",4,15652
"OLKM01005937.1",4,15521
"OLKM01005947.1",4,15488
"OLKM01005968.1",4,15424
"OLKM01005977.1",4,15404
"OLKM01005999.1",4,15346
"OLKM01006057.1",4,15213
"OLKM01006140.1",4,15027
"OLKM01006149.1",4,15003
"OLKM01006316.1",4,14586
"OLKM01006350.1",4,14499
"OLKM01006595.1",4,13865
"OLKM01006597.1",4,13860
"OLKM01006640.1",4,13743
"OLKM01006764.1",4,13456
"OLKM01006834.1",4,13294
"OLKM01006845.1",4,13261
"OLKM01006881.1",4,13179
"OLKM01007176.1",4,12430
"OLKM01007453.1",4,11789
"OLKM01007499.1",4,11677
"OLKM01007576.1",4,11400
"OLKM01007606.1",4,11313
"OLKM01007694.1",4,11044
"OLKM01007767.1",4,10859
"OLKM01007786.1",4,10803
"OLKM01007788.1",4,10801
"OLKM01007885.1",4,10503
"OLKM01007900.1",4,10461
"OLKM01007902.1",4,10460
"OLKM01007941.1",4,10307
"OLKM01007943.1",4,10304
"OLKM01007948.1",4,10290
"OLKM01007975.1",4,10186
"OLKM01008080.1",4,9285
"OLKM01008112.1",4,8561
"OLKM01008151.1",4,7736
"OLKM01000005.1",3,1196965
"OLKM01000034.1",3,783160
"OLKM01000108.1",3,562012
"OLKM01000114.1",3,546931
"OLKM01000140.1",3,511006
"OLKM01000141.1",3,509508
"OLKM01000146.1",3,499846
"OLKM01000168.1",3,477985
"OLKM01000197.1",3,453743
"OLKM01000205.1",3,444964
"OLKM01000215.1",3,437354
"OLKM01000249.1",3,409382
"OLKM01000254.1",3,404470
"OLKM01000276.1",3,392953
"OLKM01000302.1",3,379311
"OLKM01000342.1",3,355875
"OLKM01000368.1",3,343906
"OLKM01000389.1",3,336466
"OLKM01000496.1",3,293444
"OLKM01000501.1",3,292499
"OLKM01000503.1",3,291801
"OLKM01000517.1",3,288582
"OLKM01000528.1",3,286248
"OLKM01000550.1",3,280474
"OLKM01000556.1",3,279395
"OLKM01000586.1",3,269208
"OLKM01000594.1",3,265803
"OLKM01000595.1",3,264865
"OLKM01000660.1",3,248450
"OLKM01000676.1",3,245497
"OLKM01000713.1",3,236477
"OLKM01000739.1",3,232287
"OLKM01000761.1",3,227938
"OLKM01000784.1",3,223093
"OLKM01000815.1",3,217857
"OLKM01000891.1",3,207815
"OLKM01000966.1",3,193707
"OLKM01001083.1",3,175101
"OLKM01001087.1",3,174269
"OLKM01001090.1",3,173789
"OLKM01001147.1",3,167391
"OLKM01001178.1",3,163978
"OLKM01001193.1",3,162345
"OLKM01001235.1",3,156630
"OLKM01001261.1",3,153306
"OLKM01001271.1",3,151697
"OLKM01001348.1",3,144968
"OLKM01001373.1",3,141543
"OLKM01001394.1",3,139787
"OLKM01001411.1",3,138409
"OLKM01001412.1",3,138405
"OLKM01001442.1",3,135324
"OLKM01001467.1",3,132590
"OLKM01001481.1",3,131753
"OLKM01001487.1",3,131564
"OLKM01001518.1",3,127626
"OLKM01001609.1",3,119386
"OLKM01001658.1",3,115703
"OLKM01001702.1",3,112179
"OLKM01001776.1",3,106210
"OLKM01001802.1",3,104393
"OLKM01001838.1",3,101983
"OLKM01001875.1",3,99768
"OLKM01001876.1",3,99707
"OLKM01001893.1",3,98018
"OLKM01001915.1",3,96167
"OLKM01001936.1",3,94807
"OLKM01001961.1",3,92702
"OLKM01001962.1",3,92645
"OLKM01001980.1",3,91880
"OLKM01002016.1",3,89770
"OLKM01002038.1",3,88636
"OLKM01002055.1",3,87574
"OLKM01002056.1",3,87532
"OLKM01002116.1",3,84296
"OLKM01002195.1",3,80029
"OLKM01002213.1",3,79077
"OLKM01002252.1",3,77078
"OLKM01002302.1",3,74871
"OLKM01002367.1",3,72281
"OLKM01002386.1",3,71185
"OLKM01002451.1",3,68602
"OLKM01002506.1",3,66394
"OLKM01002530.1",3,65159
"OLKM01002568.1",3,63690
"OLKM01002607.1",3,61757
"OLKM01002661.1",3,59284
"OLKM01002672.1",3,58914
"OLKM01002689.1",3,57892
"OLKM01002690.1",3,57875
"OLKM01002692.1",3,57849
"OLKM01002716.1",3,57028
"OLKM01002756.1",3,55792
"OLKM01002842.1",3,52787
"OLKM01002857.1",3,52085
"OLKM01002867.1",3,51724
"OLKM01002912.1",3,50327
"OLKM01002914.1",3,50281
"OLKM01002923.1",3,49934
"OLKM01002936.1",3,49403
"OLKM01002945.1",3,48907
"OLKM01002946.1",3,48904
"OLKM01002947.1",3,48876
"OLKM01002976.1",3,47753
"OLKM01002981.1",3,47552
"OLKM01002989.1",3,47461
"OLKM01002992.1",3,47446
"OLKM01003033.1",3,46324
"OLKM01003113.1",3,43730
"OLKM01003123.1",3,43478
"OLKM01003179.1",3,42112
"OLKM01003205.1",3,41365
"OLKM01003223.1",3,40934
"OLKM01003226.1",3,40886
"OLKM01003292.1",3,39359
"OLKM01003299.1",3,39228
"OLKM01003368.1",3,37817
"OLKM01003460.1",3,36066
"OLKM01003486.1",3,35469
"OLKM01003610.1",3,33279
"OLKM01003625.1",3,33051
"OLKM01003697.1",3,31837
"OLKM01003705.1",3,31688
"OLKM01003739.1",3,31030
"OLKM01003760.1",3,30450
"OLKM01003761.1",3,30407
"OLKM01003766.1",3,30292
"OLKM01003779.1",3,30083
"OLKM01003847.1",3,28975
"OLKM01003858.1",3,28836
"OLKM01003881.1",3,28422
"OLKM01003934.1",3,27592
"OLKM01003969.1",3,27110
"OLKM01004020.1",3,26463
"OLKM01004025.1",3,26420
"OLKM01004191.1",3,24382
"OLKM01004201.1",3,24310
"OLKM01004275.1",3,23735
"OLKM01004301.1",3,23539
"OLKM01004342.1",3,23147
"OLKM01004425.1",3,22523
"OLKM01004462.1",3,22234
"OLKM01004470.1",3,22179
"OLKM01004473.1",3,22163
"OLKM01004492.1",3,21999
"OLKM01004620.1",3,21101
"OLKM01004639.1",3,20939
"OLKM01004665.1",3,20766
"OLKM01004705.1",3,20523
"OLKM01004727.1",3,20366
"OLKM01004757.1",3,20227
"OLKM01004785.1",3,20080
"OLKM01004812.1",3,19915
"OLKM01004869.1",3,19548
"OLKM01004899.1",3,19411
"OLKM01004924.1",3,19304
"OLKM01004943.1",3,19224
"OLKM01004962.1",3,19128
"OLKM01005003.1",3,18949
"OLKM01005042.1",3,18740
"OLKM01005081.1",3,18555
"OLKM01005087.1",3,18521
"OLKM01005103.1",3,18397
"OLKM01005109.1",3,18373
"OLKM01005116.1",3,18352
"OLKM01005120.1",3,18347
"OLKM01005494.1",3,16972
"OLKM01005541.1",3,16822
"OLKM01005552.1",3,16784
"OLKM01005553.1",3,16782
"OLKM01005623.1",3,16551
"OLKM01005635.1",3,16510
"OLKM01005657.1",3,16407
"OLKM01005677.1",3,16304
"OLKM01005708.1",3,16165
"OLKM01005740.1",3,16052
"OLKM01005814.1",3,15861
"OLKM01005820.1",3,15844
"OLKM01005848.1",3,15776
"OLKM01005885.1",3,15673
"OLKM01005917.1",3,15597
"OLKM01005998.1",3,15346
"OLKM01006066.1",3,15191
"OLKM01006067.1",3,15185
"OLKM01006078.1",3,15164
"OLKM01006167.1",3,14959
"OLKM01006207.1",3,14847
"OLKM01006210.1",3,14838
"OLKM01006343.1",3,14517
"OLKM01006347.1",3,14504
"OLKM01006366.1",3,14458
"OLKM01006415.1",3,14337
"OLKM01006454.1",3,14231
"OLKM01006493.1",3,14124
"OLKM01006522.1",3,14038
"OLKM01006576.1",3,13909
"OLKM01006649.1",3,13727
"OLKM01006723.1",3,13547
"OLKM01006732.1",3,13530
"OLKM01006759.1",3,13475
"OLKM01006836.1",3,13290
"OLKM01006850.1",3,13251
"OLKM01006882.1",3,13173
"OLKM01006896.1",3,13140
"OLKM01006909.1",3,13121
"OLKM01006919.1",3,13094
"OLKM01006943.1",3,13038
"OLKM01007028.1",3,12819
"OLKM01007031.1",3,12808
"OLKM01007118.1",3,12590
"OLKM01007155.1",3,12486
"OLKM01007238.1",3,12245
"OLKM01007239.1",3,12244
"OLKM01007245.1",3,12236
"OLKM01007292.1",3,12107
"OLKM01007334.1",3,12034
"OLKM01007388.1",3,11914
"OLKM01007438.1",3,11821
"OLKM01007446.1",3,11802
"OLKM01007489.1",3,11698
"OLKM01007494.1",3,11692
"OLKM01007589.1",3,11372
"OLKM01007592.1",3,11368
"OLKM01007597.1",3,11353
"OLKM01007643.1",3,11216
"OLKM01007675.1",3,11119
"OLKM01007714.1",3,10997
"OLKM01007720.1",3,10981
"OLKM01007738.1",3,10920
"OLKM01007757.1",3,10883
"OLKM01007771.1",3,10852
"OLKM01007829.1",3,10690
"OLKM01007872.1",3,10555
"OLKM01007934.1",3,10336
"OLKM01008043.1",3,9938
"OLKM01008065.1",3,9598
"OLKM01008087.1",3,9098
"OLKM01008281.1",3,4040
"OLKM01000001.1",2,1626948
"OLKM01000004.1",2,1294201
"OLKM01000006.1",2,1187672
"OLKM01000018.1",2,866444
"OLKM01000033.1",2,783699
"OLKM01000042.1",2,736084
"OLKM01000051.1",2,681306
"OLKM01000054.1",2,676273
"OLKM01000059.1",2,669020
"OLKM01000063.1",2,660482
"OLKM01000068.1",2,647987
"OLKM01000074.1",2,628967
"OLKM01000075.1",2,628544
"OLKM01000078.1",2,619451
"OLKM01000091.1",2,592292
"OLKM01000099.1",2,580312
"OLKM01000110.1",2,558848
"OLKM01000117.1",2,541155
"OLKM01000126.1",2,532651
"OLKM01000142.1",2,508615
"OLKM01000149.1",2,495758
"OLKM01000154.1",2,493045
"OLKM01000169.1",2,476843
"OLKM01000187.1",2,459867
"OLKM01000211.1",2,440777
"OLKM01000220.1",2,432780
"OLKM01000235.1",2,423499
"OLKM01000236.1",2,423086
"OLKM01000252.1",2,406427
"OLKM01000278.1",2,391418
"OLKM01000279.1",2,391340
"OLKM01000292.1",2,383048
"OLKM01000313.1",2,372275
"OLKM01000339.1",2,356582
"OLKM01000344.1",2,352457
"OLKM01000345.1",2,351655
"OLKM01000349.1",2,350130
"OLKM01000357.1",2,348480
"OLKM01000366.1",2,344499
"OLKM01000372.1",2,341515
"OLKM01000382.1",2,338023
"OLKM01000384.1",2,337542
"OLKM01000410.1",2,327100
"OLKM01000425.1",2,320267
"OLKM01000442.1",2,311214
"OLKM01000449.1",2,309156
"OLKM01000458.1",2,306180
"OLKM01000461.1",2,304925
"OLKM01000484.1",2,296695
"OLKM01000497.1",2,293280
"OLKM01000500.1",2,292685
"OLKM01000505.1",2,290956
"OLKM01000508.1",2,290678
"OLKM01000534.1",2,284789
"OLKM01000539.1",2,282541
"OLKM01000552.1",2,280277
"OLKM01000560.1",2,278201
"OLKM01000574.1",2,274466
"OLKM01000576.1",2,273659
"OLKM01000585.1",2,269304
"OLKM01000609.1",2,261978
"OLKM01000631.1",2,256300
"OLKM01000647.1",2,252108
"OLKM01000649.1",2,251286
"OLKM01000661.1",2,248397
"OLKM01000672.1",2,245933
"OLKM01000685.1",2,243339
"OLKM01000689.1",2,242517
"OLKM01000701.1",2,239087
"OLKM01000708.1",2,237558
"OLKM01000720.1",2,235493
"OLKM01000724.1",2,234205
"OLKM01000737.1",2,232366
"OLKM01000745.1",2,231154
"OLKM01000746.1",2,231028
"OLKM01000782.1",2,223699
"OLKM01000790.1",2,222126
"OLKM01000796.1",2,221612
"OLKM01000839.1",2,215324
"OLKM01000842.1",2,214952
"OLKM01000856.1",2,211941
"OLKM01000860.1",2,211471
"OLKM01000877.1",2,209348
"OLKM01000905.1",2,205199
"OLKM01000909.1",2,204777
"OLKM01000912.1",2,204348
"OLKM01000926.1",2,200844
"OLKM01000947.1",2,196504
"OLKM01000954.1",2,194796
"OLKM01000959.1",2,194324
"OLKM01000969.1",2,193181
"OLKM01000975.1",2,192119
"OLKM01000976.1",2,192047
"OLKM01001002.1",2,186997
"OLKM01001024.1",2,184055
"OLKM01001026.1",2,183859
"OLKM01001042.1",2,180347
"OLKM01001048.1",2,179780
"OLKM01001155.1",2,166625
"OLKM01001161.1",2,166230
"OLKM01001175.1",2,164451
"OLKM01001207.1",2,160923
"OLKM01001219.1",2,159514
"OLKM01001228.1",2,158304
"OLKM01001233.1",2,157123
"OLKM01001234.1",2,156849
"OLKM01001315.1",2,148267
"OLKM01001326.1",2,147211
"OLKM01001357.1",2,144262
"OLKM01001367.1",2,142095
"OLKM01001384.1",2,140763
"OLKM01001401.1",2,139287
"OLKM01001404.1",2,138988
"OLKM01001448.1",2,134936
"OLKM01001491.1",2,131256
"OLKM01001524.1",2,127156
"OLKM01001525.1",2,127139
"OLKM01001548.1",2,124304
"OLKM01001563.1",2,122309
"OLKM01001565.1",2,122155
"OLKM01001589.1",2,120394
"OLKM01001595.1",2,120114
"OLKM01001680.1",2,113523
"OLKM01001701.1",2,112246
"OLKM01001703.1",2,112174
"OLKM01001726.1",2,110486
"OLKM01001735.1",2,109705
"OLKM01001744.1",2,109107
"OLKM01001757.1",2,107830
"OLKM01001787.1",2,105500
"OLKM01001794.1",2,104897
"OLKM01001801.1",2,104459
"OLKM01001809.1",2,103938
"OLKM01001826.1",2,102913
"OLKM01001842.1",2,101699
"OLKM01001860.1",2,100594
"OLKM01001882.1",2,99250
"OLKM01001887.1",2,98519
"OLKM01001897.1",2,97671
"OLKM01001950.1",2,93693
"OLKM01001978.1",2,92008
"OLKM01002010.1",2,89879
"OLKM01002102.1",2,85255
"OLKM01002108.1",2,84741
"OLKM01002119.1",2,84226
"OLKM01002120.1",2,84164
"OLKM01002134.1",2,83566
"OLKM01002153.1",2,82752
"OLKM01002179.1",2,80962
"OLKM01002188.1",2,80520
"OLKM01002238.1",2,77832
"OLKM01002241.1",2,77677
"OLKM01002266.1",2,76402
"OLKM01002267.1",2,76386
"OLKM01002325.1",2,74195
"OLKM01002332.1",2,73755
"OLKM01002341.1",2,73407
"OLKM01002360.1",2,72539
"OLKM01002376.1",2,71642
"OLKM01002390.1",2,71074
"OLKM01002404.1",2,70681
"OLKM01002408.1",2,70455
"OLKM01002448.1",2,68684
"OLKM01002466.1",2,67960
"OLKM01002481.1",2,67045
"OLKM01002482.1",2,67041
"OLKM01002491.1",2,66877
"OLKM01002504.1",2,66435
"OLKM01002505.1",2,66394
"OLKM01002518.1",2,65555
"OLKM01002534.1",2,65092
"OLKM01002558.1",2,64263
"OLKM01002590.1",2,62405
"OLKM01002605.1",2,61834
"OLKM01002608.1",2,61742
"OLKM01002619.1",2,61300
"OLKM01002637.1",2,60589
"OLKM01002646.1",2,60043
"OLKM01002650.1",2,59876
"OLKM01002655.1",2,59617
"OLKM01002656.1",2,59599
"OLKM01002688.1",2,57911
"OLKM01002719.1",2,56878
"OLKM01002721.1",2,56802
"OLKM01002726.1",2,56694
"OLKM01002739.1",2,56276
"OLKM01002759.1",2,55672
"OLKM01002803.1",2,54211
"OLKM01002861.1",2,51933
"OLKM01002879.1",2,51416
"OLKM01002882.1",2,51355
"OLKM01002904.1",2,50593
"OLKM01002907.1",2,50473
"OLKM01002917.1",2,50158
"OLKM01002955.1",2,48611
"OLKM01002960.1",2,48430
"OLKM01002982.1",2,47537
"OLKM01002986.1",2,47489
"OLKM01002995.1",2,47386
"OLKM01003004.1",2,47154
"OLKM01003008.1",2,47122
"OLKM01003022.1",2,46539
"OLKM01003037.1",2,46199
"OLKM01003065.1",2,45282
"OLKM01003088.1",2,44462
"OLKM01003104.1",2,44120
"OLKM01003167.1",2,42431
"OLKM01003188.1",2,41871
"OLKM01003244.1",2,40334
"OLKM01003263.1",2,39938
"OLKM01003271.1",2,39763
"OLKM01003293.1",2,39318
"OLKM01003310.1",2,39043
"OLKM01003312.1",2,39010
"OLKM01003359.1",2,38042
"OLKM01003399.1",2,37226
"OLKM01003421.1",2,36745
"OLKM01003427.1",2,36673
"OLKM01003428.1",2,36671
"OLKM01003497.1",2,35230
"OLKM01003520.1",2,34804
"OLKM01003528.1",2,34654
"OLKM01003533.1",2,34540
"OLKM01003553.1",2,34137
"OLKM01003558.1",2,34020
"OLKM01003592.1",2,33547
"OLKM01003618.1",2,33166
"OLKM01003635.1",2,32830
"OLKM01003662.1",2,32467
"OLKM01003665.1",2,32406
"OLKM01003681.1",2,32201
"OLKM01003706.1",2,31688
"OLKM01003727.1",2,31258
"OLKM01003764.1",2,30327
"OLKM01003835.1",2,29120
"OLKM01003868.1",2,28764
"OLKM01003872.1",2,28629
"OLKM01003873.1",2,28620
"OLKM01003886.1",2,28347
"OLKM01003907.1",2,27984
"OLKM01003923.1",2,27776
"OLKM01003952.1",2,27354
"OLKM01003955.1",2,27336
"OLKM01004011.1",2,26549
"OLKM01004016.1",2,26496
"OLKM01004028.1",2,26394
"OLKM01004044.1",2,26138
"OLKM01004047.1",2,26088
"OLKM01004066.1",2,25884
"OLKM01004067.1",2,25877
"OLKM01004073.1",2,25812
"OLKM01004090.1",2,25583
"OLKM01004110.1",2,25345
"OLKM01004113.1",2,25292
"OLKM01004127.1",2,25122
"OLKM01004146.1",2,24896
"OLKM01004147.1",2,24883
"OLKM01004150.1",2,24842
"OLKM01004176.1",2,24568
"OLKM01004179.1",2,24486
"OLKM01004200.1",2,24312
"OLKM01004202.1",2,24296
"OLKM01004221.1",2,24195
"OLKM01004223.1",2,24192
"OLKM01004227.1",2,24152
"OLKM01004228.1",2,24134
"OLKM01004277.1",2,23701
"OLKM01004296.1",2,23581
"OLKM01004297.1",2,23575
"OLKM01004299.1",2,23550
"OLKM01004304.1",2,23529
"OLKM01004330.1",2,23220
"OLKM01004333.1",2,23191
"OLKM01004349.1",2,23084
"OLKM01004397.1",2,22713
"OLKM01004439.1",2,22420
"OLKM01004446.1",2,22370
"OLKM01004466.1",2,22212
"OLKM01004505.1",2,21908
"OLKM01004536.1",2,21727
"OLKM01004538.1",2,21699
"OLKM01004560.1",2,21589
"OLKM01004585.1",2,21391
"OLKM01004640.1",2,20937
"OLKM01004659.1",2,20797
"OLKM01004663.1",2,20774
"OLKM01004690.1",2,20611
"OLKM01004693.1",2,20579
"OLKM01004707.1",2,20508
"OLKM01004742.1",2,20281
"OLKM01004748.1",2,20257
"OLKM01004774.1",2,20148
"OLKM01004800.1",2,20002
"OLKM01004810.1",2,19920
"OLKM01004811.1",2,19916
"OLKM01004830.1",2,19812
"OLKM01004835.1",2,19773
"OLKM01004846.1",2,19700
"OLKM01004857.1",2,19590
"OLKM01004861.1",2,19575
"OLKM01004865.1",2,19567
"OLKM01004886.1",2,19451
"OLKM01004908.1",2,19378
"OLKM01004910.1",2,19374
"OLKM01004931.1",2,19275
"OLKM01004936.1",2,19254
"OLKM01005015.1",2,18903
"OLKM01005022.1",2,18867
"OLKM01005052.1",2,18700
"OLKM01005096.1",2,18450
"OLKM01005194.1",2,18084
"OLKM01005268.1",2,17760
"OLKM01005269.1",2,17760
"OLKM01005294.1",2,17665
"OLKM01005354.1",2,17441
"OLKM01005371.1",2,17395
"OLKM01005373.1",2,17389
"OLKM01005394.1",2,17319
"OLKM01005403.1",2,17295
"OLKM01005408.1",2,17263
"OLKM01005478.1",2,17032
"OLKM01005480.1",2,17024
"OLKM01005487.1",2,17000
"OLKM01005527.1",2,16868
"OLKM01005615.1",2,16573
"OLKM01005616.1",2,16572
"OLKM01005640.1",2,16488
"OLKM01005641.1",2,16485
"OLKM01005687.1",2,16241
"OLKM01005754.1",2,16025
"OLKM01005761.1",2,16003
"OLKM01005774.1",2,15958
"OLKM01005776.1",2,15951
"OLKM01005782.1",2,15931
"OLKM01005811.1",2,15870
"OLKM01005813.1",2,15863
"OLKM01005819.1",2,15845
"OLKM01005821.1",2,15842
"OLKM01005853.1",2,15752
"OLKM01005867.1",2,15725
"OLKM01005906.1",2,15625
"OLKM01005919.1",2,15583
"OLKM01005929.1",2,15560
"OLKM01005966.1",2,15442
"OLKM01005991.1",2,15371
"OLKM01006073.1",2,15176
"OLKM01006075.1",2,15170
"OLKM01006108.1",2,15100
"OLKM01006148.1",2,15004
"OLKM01006184.1",2,14909
"OLKM01006244.1",2,14754
"OLKM01006270.1",2,14676
"OLKM01006285.1",2,14649
"OLKM01006312.1",2,14596
"OLKM01006363.1",2,14465
"OLKM01006401.1",2,14372
"OLKM01006402.1",2,14371
"OLKM01006409.1",2,14357
"OLKM01006438.1",2,14281
"OLKM01006447.1",2,14263
"OLKM01006450.1",2,14247
"OLKM01006487.1",2,14150
"OLKM01006539.1",2,13995
"OLKM01006567.1",2,13926
"OLKM01006635.1",2,13763
"OLKM01006657.1",2,13694
"OLKM01006675.1",2,13653
"OLKM01006739.1",2,13518
"OLKM01006762.1",2,13466
"OLKM01006777.1",2,13418
"OLKM01006791.1",2,13398
"OLKM01006820.1",2,13327
"OLKM01006823.1",2,13319
"OLKM01006840.1",2,13273
"OLKM01006853.1",2,13244
"OLKM01006892.1",2,13151
"OLKM01006900.1",2,13136
"OLKM01006916.1",2,13106
"OLKM01006925.1",2,13089
"OLKM01006934.1",2,13067
"OLKM01006949.1",2,13030
"OLKM01006962.1",2,12985
"OLKM01006985.1",2,12923
"OLKM01006990.1",2,12911
"OLKM01006991.1",2,12910
"OLKM01007042.1",2,12776
"OLKM01007070.1",2,12700
"OLKM01007127.1",2,12560
"OLKM01007134.1",2,12548
"OLKM01007136.1",2,12539
"OLKM01007174.1",2,12434
"OLKM01007204.1",2,12343
"OLKM01007224.1",2,12304
"OLKM01007244.1",2,12236
"OLKM01007286.1",2,12128
"OLKM01007309.1",2,12081
"OLKM01007325.1",2,12046
"OLKM01007327.1",2,12045
"OLKM01007344.1",2,12011
"OLKM01007372.1",2,11956
"OLKM01007373.1",2,11955
"OLKM01007384.1",2,11925
"OLKM01007394.1",2,11908
"OLKM01007398.1",2,11902
"OLKM01007426.1",2,11848
"OLKM01007451.1",2,11793
"OLKM01007467.1",2,11744
"OLKM01007539.1",2,11531
"OLKM01007540.1",2,11531
"OLKM01007583.1",2,11382
"OLKM01007635.1",2,11252
"OLKM01007659.1",2,11173
"OLKM01007674.1",2,11128
"OLKM01007684.1",2,11080
"OLKM01007736.1",2,10935
"OLKM01007742.1",2,10910
"OLKM01007787.1",2,10802
"OLKM01007808.1",2,10742
"OLKM01007817.1",2,10729
"OLKM01007827.1",2,10695
"OLKM01007842.1",2,10643
"OLKM01007892.1",2,10483
"OLKM01007915.1",2,10397
"OLKM01007922.1",2,10383
"OLKM01007991.1",2,10140
"OLKM01008008.1",2,10070
"OLKM01008014.1",2,10040
"OLKM01008016.1",2,10037
"OLKM01008042.1",2,9939
"OLKM01008045.1",2,9934
"OLKM01008054.1",2,9771
"OLKM01008057.1",2,9730
"OLKM01008072.1",2,9486
"OLKM01008153.1",2,7645
"OLKM01008156.1",2,7539
"OLKM01008166.1",2,7091
"OLKM01008266.1",2,4371
"OLKM01008384.1",2,2579
"OLKM01000009.1",1,1063587
"OLKM01000014.1",1,906000
"OLKM01000016.1",1,876846
"OLKM01000029.1",1,800855
"OLKM01000037.1",1,761227
"OLKM01000038.1",1,746026
"OLKM01000039.1",1,744332
"OLKM01000050.1",1,682417
"OLKM01000052.1",1,678942
"OLKM01000058.1",1,670150
"OLKM01000077.1",1,621158
"OLKM01000086.1",1,596185
"OLKM01000089.1",1,594494
"OLKM01000090.1",1,592469
"OLKM01000093.1",1,584417
"OLKM01000094.1",1,584128
"OLKM01000098.1",1,580852
"OLKM01000101.1",1,577444
"OLKM01000111.1",1,558817
"OLKM01000115.1",1,545268
"OLKM01000120.1",1,539102
"OLKM01000125.1",1,533052
"OLKM01000130.1",1,526065
"OLKM01000132.1",1,521259
"OLKM01000137.1",1,515579
"OLKM01000139.1",1,511709
"OLKM01000144.1",1,503263
"OLKM01000150.1",1,494446
"OLKM01000153.1",1,493378
"OLKM01000155.1",1,490875
"OLKM01000157.1",1,488081
"OLKM01000160.1",1,483413
"OLKM01000161.1",1,482308
"OLKM01000172.1",1,473547
"OLKM01000174.1",1,470757
"OLKM01000186.1",1,460362
"OLKM01000188.1",1,459452
"OLKM01000191.1",1,458651
"OLKM01000193.1",1,458049
"OLKM01000196.1",1,454757
"OLKM01000200.1",1,448579
"OLKM01000203.1",1,447113
"OLKM01000207.1",1,442670
"OLKM01000210.1",1,441611
"OLKM01000213.1",1,439375
"OLKM01000214.1",1,438202
"OLKM01000217.1",1,436418
"OLKM01000224.1",1,428235
"OLKM01000227.1",1,426961
"OLKM01000231.1",1,425075
"OLKM01000255.1",1,404205
"OLKM01000260.1",1,401803
"OLKM01000298.1",1,381338
"OLKM01000307.1",1,376846
"OLKM01000309.1",1,374148
"OLKM01000311.1",1,373481
"OLKM01000312.1",1,372746
"OLKM01000316.1",1,370536
"OLKM01000317.1",1,369447
"OLKM01000325.1",1,364125
"OLKM01000333.1",1,358743
"OLKM01000346.1",1,351135
"OLKM01000353.1",1,349323
"OLKM01000354.1",1,349322
"OLKM01000361.1",1,346940
"OLKM01000364.1",1,346391
"OLKM01000377.1",1,338972
"OLKM01000385.1",1,337215
"OLKM01000394.1",1,332981
"OLKM01000395.1",1,332796
"OLKM01000400.1",1,330898
"OLKM01000402.1",1,329706
"OLKM01000409.1",1,327330
"OLKM01000411.1",1,326384
"OLKM01000416.1",1,324825
"OLKM01000420.1",1,322754
"OLKM01000421.1",1,322496
"OLKM01000432.1",1,318109
"OLKM01000437.1",1,315270
"OLKM01000439.1",1,312444
"OLKM01000444.1",1,310217
"OLKM01000452.1",1,308760
"OLKM01000468.1",1,302792
"OLKM01000476.1",1,299817
"OLKM01000485.1",1,296423
"OLKM01000493.1",1,294454
"OLKM01000495.1",1,293847
"OLKM01000499.1",1,292859
"OLKM01000502.1",1,291962
"OLKM01000504.1",1,291369
"OLKM01000512.1",1,289247
"OLKM01000522.1",1,287861
"OLKM01000540.1",1,282491
"OLKM01000544.1",1,281548
"OLKM01000562.1",1,277467
"OLKM01000584.1",1,269372
"OLKM01000589.1",1,267339
"OLKM01000590.1",1,266996
"OLKM01000596.1",1,264811
"OLKM01000604.1",1,262622
"OLKM01000607.1",1,262231
"OLKM01000614.1",1,258499
"OLKM01000616.1",1,257787
"OLKM01000619.1",1,257628
"OLKM01000624.1",1,256871
"OLKM01000632.1",1,256244
"OLKM01000633.1",1,256208
"OLKM01000634.1",1,256030
"OLKM01000645.1",1,252297
"OLKM01000663.1",1,248203
"OLKM01000682.1",1,244554
"OLKM01000683.1",1,243451
"OLKM01000693.1",1,241481
"OLKM01000694.1",1,241383
"OLKM01000695.1",1,241316
"OLKM01000698.1",1,240175
"OLKM01000706.1",1,237949
"OLKM01000707.1",1,237833
"OLKM01000715.1",1,236026
"OLKM01000716.1",1,235976
"OLKM01000725.1",1,234134
"OLKM01000726.1",1,233992
"OLKM01000731.1",1,233369
"OLKM01000740.1",1,232273
"OLKM01000741.1",1,231918
"OLKM01000742.1",1,231733
"OLKM01000750.1",1,229601
"OLKM01000753.1",1,228873
"OLKM01000760.1",1,227945
"OLKM01000768.1",1,226309
"OLKM01000779.1",1,224224
"OLKM01000789.1",1,222134
"OLKM01000791.1",1,222088
"OLKM01000800.1",1,221270
"OLKM01000801.1",1,220538
"OLKM01000802.1",1,220426
"OLKM01000814.1",1,217886
"OLKM01000836.1",1,215696
"OLKM01000846.1",1,213931
"OLKM01000855.1",1,212025
"OLKM01000859.1",1,211482
"OLKM01000861.1",1,211403
"OLKM01000869.1",1,210662
"OLKM01000870.1",1,210636
"OLKM01000874.1",1,209915
"OLKM01000875.1",1,209751
"OLKM01000880.1",1,209126
"OLKM01000883.1",1,208947
"OLKM01000894.1",1,207587
"OLKM01000897.1",1,207462
"OLKM01000903.1",1,205422
"OLKM01000908.1",1,205048
"OLKM01000911.1",1,204386
"OLKM01000913.1",1,203362
"OLKM01000915.1",1,203174
"OLKM01000927.1",1,200752
"OLKM01000943.1",1,197510
"OLKM01000946.1",1,196553
"OLKM01000949.1",1,196027
"OLKM01000962.1",1,194183
"OLKM01000970.1",1,192902
"OLKM01000979.1",1,191224
"OLKM01000981.1",1,190716
"OLKM01000988.1",1,189698
"OLKM01001005.1",1,186739
"OLKM01001008.1",1,186154
"OLKM01001017.1",1,185288
"OLKM01001019.1",1,184925
"OLKM01001020.1",1,184644
"OLKM01001022.1",1,184394
"OLKM01001035.1",1,181680
"OLKM01001036.1",1,181226
"OLKM01001037.1",1,180936
"OLKM01001045.1",1,180050
"OLKM01001052.1",1,178830
"OLKM01001057.1",1,178067
"OLKM01001061.1",1,177272
"OLKM01001070.1",1,176767
"OLKM01001112.1",1,171555
"OLKM01001120.1",1,170594
"OLKM01001124.1",1,169754
"OLKM01001126.1",1,169513
"OLKM01001143.1",1,167763
"OLKM01001157.1",1,166500
"OLKM01001171.1",1,164732
"OLKM01001174.1",1,164557
"OLKM01001176.1",1,164254
"OLKM01001191.1",1,162619
"OLKM01001201.1",1,161358
"OLKM01001202.1",1,161161
"OLKM01001206.1",1,161000
"OLKM01001210.1",1,160638
"OLKM01001211.1",1,160510
"OLKM01001220.1",1,159360
"OLKM01001224.1",1,158940
"OLKM01001263.1",1,152620
"OLKM01001276.1",1,151355
"OLKM01001278.1",1,151179
"OLKM01001291.1",1,149918
"OLKM01001306.1",1,149026
"OLKM01001308.1",1,148898
"OLKM01001317.1",1,148021
"OLKM01001325.1",1,147218
"OLKM01001330.1",1,146947
"OLKM01001345.1",1,145286
"OLKM01001366.1",1,142237
"OLKM01001381.1",1,140997
"OLKM01001395.1",1,139763
"OLKM01001408.1",1,138637
"OLKM01001426.1",1,136762
"OLKM01001432.1",1,136254
"OLKM01001439.1",1,135607
"OLKM01001440.1",1,135436
"OLKM01001450.1",1,134481
"OLKM01001468.1",1,132469
"OLKM01001472.1",1,132179
"OLKM01001474.1",1,132036
"OLKM01001493.1",1,130780
"OLKM01001494.1",1,130735
"OLKM01001505.1",1,128966
"OLKM01001513.1",1,127955
"OLKM01001528.1",1,126898
"OLKM01001530.1",1,126875
"OLKM01001536.1",1,125553
"OLKM01001538.1",1,125194
"OLKM01001544.1",1,124814
"OLKM01001546.1",1,124664
"OLKM01001551.1",1,123879
"OLKM01001552.1",1,123613
"OLKM01001575.1",1,121189
"OLKM01001582.1",1,120706
"OLKM01001604.1",1,119562
"OLKM01001607.1",1,119466
"OLKM01001611.1",1,118932
"OLKM01001619.1",1,118530
"OLKM01001633.1",1,117420
"OLKM01001638.1",1,117188
"OLKM01001660.1",1,115597
"OLKM01001668.1",1,114635
"OLKM01001669.1",1,114531
"OLKM01001685.1",1,113143
"OLKM01001690.1",1,112603
"OLKM01001691.1",1,112592
"OLKM01001696.1",1,112420
"OLKM01001709.1",1,111587
"OLKM01001719.1",1,110973
"OLKM01001724.1",1,110659
"OLKM01001740.1",1,109215
"OLKM01001753.1",1,108372
"OLKM01001754.1",1,108339
"OLKM01001764.1",1,107192
"OLKM01001789.1",1,105369
"OLKM01001792.1",1,105022
"OLKM01001793.1",1,104960
"OLKM01001816.1",1,103468
"OLKM01001822.1",1,103174
"OLKM01001824.1",1,103102
"OLKM01001829.1",1,102510
"OLKM01001832.1",1,102262
"OLKM01001853.1",1,100966
"OLKM01001865.1",1,100348
"OLKM01001866.1",1,100312
"OLKM01001877.1",1,99659
"OLKM01001885.1",1,98624
"OLKM01001890.1",1,98287
"OLKM01001895.1",1,97688
"OLKM01001902.1",1,97493
"OLKM01001908.1",1,96710
"OLKM01001909.1",1,96606
"OLKM01001911.1",1,96488
"OLKM01001921.1",1,95839
"OLKM01001934.1",1,94944
"OLKM01001935.1",1,94808
"OLKM01001938.1",1,94680
"OLKM01001947.1",1,93967
"OLKM01001974.1",1,92252
"OLKM01001986.1",1,91585
"OLKM01001999.1",1,90880
"OLKM01002022.1",1,89365
"OLKM01002034.1",1,88718
"OLKM01002042.1",1,88342
"OLKM01002043.1",1,88306
"OLKM01002050.1",1,87899
"OLKM01002088.1",1,85910
"OLKM01002098.1",1,85402
"OLKM01002100.1",1,85270
"OLKM01002109.1",1,84674
"OLKM01002110.1",1,84657
"OLKM01002112.1",1,84573
"OLKM01002130.1",1,83712
"OLKM01002135.1",1,83491
"OLKM01002136.1",1,83408
"OLKM01002150.1",1,82861
"OLKM01002159.1",1,82483
"OLKM01002160.1",1,82260
"OLKM01002167.1",1,81957
"OLKM01002168.1",1,81928
"OLKM01002170.1",1,81827
"OLKM01002191.1",1,80257
"OLKM01002194.1",1,80051
"OLKM01002209.1",1,79302
"OLKM01002212.1",1,79150
"OLKM01002222.1",1,78673
"OLKM01002224.1",1,78551
"OLKM01002230.1",1,78215
"OLKM01002235.1",1,77936
"OLKM01002249.1",1,77256
"OLKM01002258.1",1,76664
"OLKM01002279.1",1,75782
"OLKM01002289.1",1,75471
"OLKM01002291.1",1,75394
"OLKM01002299.1",1,74942
"OLKM01002300.1",1,74906
"OLKM01002331.1",1,73893
"OLKM01002333.1",1,73668
"OLKM01002334.1",1,73662
"OLKM01002342.1",1,73378
"OLKM01002344.1",1,73216
"OLKM01002346.1",1,73108
"OLKM01002362.1",1,72441
"OLKM01002368.1",1,72263
"OLKM01002378.1",1,71611
"OLKM01002402.1",1,70703
"OLKM01002415.1",1,70151
"OLKM01002418.1",1,69979
"OLKM01002426.1",1,69656
"OLKM01002429.1",1,69570
"OLKM01002439.1",1,68888
"OLKM01002445.1",1,68754
"OLKM01002449.1",1,68664
"OLKM01002469.1",1,67819
"OLKM01002487.1",1,66988
"OLKM01002489.1",1,66949
"OLKM01002493.1",1,66771
"OLKM01002494.1",1,66768
"OLKM01002510.1",1,66106
"OLKM01002516.1",1,65628
"OLKM01002547.1",1,64694
"OLKM01002556.1",1,64279
"OLKM01002563.1",1,64041
"OLKM01002567.1",1,63705
"OLKM01002581.1",1,63106
"OLKM01002587.1",1,62692
"OLKM01002589.1",1,62553
"OLKM01002591.1",1,62278
"OLKM01002600.1",1,61986
"OLKM01002602.1",1,61905
"OLKM01002617.1",1,61390
"OLKM01002625.1",1,61092
"OLKM01002634.1",1,60643
"OLKM01002645.1",1,60190
"OLKM01002673.1",1,58796
"OLKM01002676.1",1,58574
"OLKM01002737.1",1,56371
"OLKM01002744.1",1,56166
"OLKM01002757.1",1,55788
"OLKM01002775.1",1,55113
"OLKM01002776.1",1,55091
"OLKM01002783.1",1,54906
"OLKM01002786.1",1,54794
"OLKM01002788.1",1,54714
"OLKM01002795.1",1,54607
"OLKM01002807.1",1,54042
"OLKM01002810.1",1,53977
"OLKM01002823.1",1,53409
"OLKM01002824.1",1,53398
"OLKM01002831.1",1,53233
"OLKM01002840.1",1,52880
"OLKM01002860.1",1,51972
"OLKM01002885.1",1,51294
"OLKM01002886.1",1,51277
"OLKM01002891.1",1,51085
"OLKM01002896.1",1,50892
"OLKM01002900.1",1,50715
"OLKM01002906.1",1,50489
"OLKM01002910.1",1,50350
"OLKM01002940.1",1,49235
"OLKM01002949.1",1,48845
"OLKM01002961.1",1,48423
"OLKM01002965.1",1,48007
"OLKM01002969.1",1,47911
"OLKM01002971.1",1,47844
"OLKM01002984.1",1,47498
"OLKM01003001.1",1,47235
"OLKM01003002.1",1,47165
"OLKM01003009.1",1,47110
"OLKM01003010.1",1,47095
"OLKM01003024.1",1,46518
"OLKM01003026.1",1,46511
"OLKM01003036.1",1,46244
"OLKM01003076.1",1,44858
"OLKM01003112.1",1,43735
"OLKM01003131.1",1,43212
"OLKM01003133.1",1,43130
"OLKM01003136.1",1,43053
"OLKM01003145.1",1,42898
"OLKM01003157.1",1,42692
"OLKM01003180.1",1,42107
"OLKM01003181.1",1,42087
"OLKM01003189.1",1,41866
"OLKM01003193.1",1,41819
"OLKM01003195.1",1,41800
"OLKM01003202.1",1,41467
"OLKM01003214.1",1,41070
"OLKM01003238.1",1,40556
"OLKM01003241.1",1,40401
"OLKM01003251.1",1,40130
"OLKM01003253.1",1,40068
"OLKM01003261.1",1,39960
"OLKM01003286.1",1,39486
"OLKM01003301.1",1,39169
"OLKM01003308.1",1,39047
"OLKM01003314.1",1,38935
"OLKM01003328.1",1,38625
"OLKM01003334.1",1,38576
"OLKM01003342.1",1,38385
"OLKM01003348.1",1,38313
"OLKM01003349.1",1,38307
"OLKM01003350.1",1,38302
"OLKM01003360.1",1,38019
"OLKM01003382.1",1,37580
"OLKM01003385.1",1,37538
"OLKM01003386.1",1,37513
"OLKM01003396.1",1,37272
"OLKM01003400.1",1,37210
"OLKM01003429.1",1,36661
"OLKM01003435.1",1,36588
"OLKM01003458.1",1,36152
"OLKM01003463.1",1,35996
"OLKM01003475.1",1,35704
"OLKM01003487.1",1,35448
"OLKM01003490.1",1,35353
"OLKM01003491.1",1,35296
"OLKM01003495.1",1,35240
"OLKM01003506.1",1,35074
"OLKM01003507.1",1,35054
"OLKM01003508.1",1,34999
"OLKM01003512.1",1,34973
"OLKM01003517.1",1,34879
"OLKM01003536.1",1,34444
"OLKM01003537.1",1,34435
"OLKM01003545.1",1,34264
"OLKM01003551.1",1,34194
"OLKM01003552.1",1,34174
"OLKM01003557.1",1,34048
"OLKM01003593.1",1,33540
"OLKM01003599.1",1,33475
"OLKM01003603.1",1,33347
"OLKM01003623.1",1,33062
"OLKM01003649.1",1,32673
"OLKM01003650.1",1,32662
"OLKM01003673.1",1,32310
"OLKM01003678.1",1,32268
"OLKM01003687.1",1,32087
"OLKM01003708.1",1,31647
"OLKM01003725.1",1,31317
"OLKM01003729.1",1,31209
"OLKM01003730.1",1,31200
"OLKM01003770.1",1,30257
"OLKM01003801.1",1,29756
"OLKM01003808.1",1,29612
"OLKM01003815.1",1,29518
"OLKM01003820.1",1,29375
"OLKM01003826.1",1,29261
"OLKM01003856.1",1,28842
"OLKM01003885.1",1,28385
"OLKM01003894.1",1,28248
"OLKM01003903.1",1,28011
"OLKM01003914.1",1,27899
"OLKM01003926.1",1,27710
"OLKM01003932.1",1,27650
"OLKM01003935.1",1,27588
"OLKM01003956.1",1,27324
"OLKM01003965.1",1,27182
"OLKM01003973.1",1,27078
"OLKM01003982.1",1,26845
"OLKM01003986.1",1,26806
"OLKM01003987.1",1,26805
"OLKM01003989.1",1,26796
"OLKM01004004.1",1,26642
"OLKM01004013.1",1,26513
"OLKM01004022.1",1,26452
"OLKM01004023.1",1,26437
"OLKM01004038.1",1,26263
"OLKM01004046.1",1,26107
"OLKM01004057.1",1,25964
"OLKM01004069.1",1,25851
"OLKM01004072.1",1,25822
"OLKM01004100.1",1,25456
"OLKM01004101.1",1,25454
"OLKM01004117.1",1,25264
"OLKM01004121.1",1,25227
"OLKM01004138.1",1,24994
"OLKM01004139.1",1,24969
"OLKM01004152.1",1,24838
"OLKM01004156.1",1,24801
"OLKM01004212.1",1,24246
"OLKM01004216.1",1,24230
"OLKM01004224.1",1,24170
"OLKM01004230.1",1,24127
"OLKM01004233.1",1,24118
"OLKM01004235.1",1,24103
"OLKM01004258.1",1,23891
"OLKM01004259.1",1,23884
"OLKM01004262.1",1,23874
"OLKM01004267.1",1,23846
"OLKM01004312.1",1,23412
"OLKM01004314.1",1,23401
"OLKM01004316.1",1,23362
"OLKM01004325.1",1,23259
"OLKM01004326.1",1,23252
"OLKM01004327.1",1,23244
"OLKM01004339.1",1,23172
"OLKM01004381.1",1,22841
"OLKM01004394.1",1,22738
"OLKM01004413.1",1,22617
"OLKM01004414.1",1,22603
"OLKM01004426.1",1,22500
"OLKM01004436.1",1,22448
"OLKM01004442.1",1,22392
"OLKM01004448.1",1,22336
"OLKM01004450.1",1,22325
"OLKM01004472.1",1,22175
"OLKM01004476.1",1,22140
"OLKM01004478.1",1,22122
"OLKM01004491.1",1,22000
"OLKM01004495.1",1,21991
"OLKM01004499.1",1,21961
"OLKM01004512.1",1,21877
"OLKM01004515.1",1,21861
"OLKM01004562.1",1,21584
"OLKM01004573.1",1,21514
"OLKM01004576.1",1,21487
"OLKM01004578.1",1,21485
"OLKM01004582.1",1,21421
"OLKM01004593.1",1,21327
"OLKM01004607.1",1,21221
"OLKM01004626.1",1,21067
"OLKM01004632.1",1,21025
"OLKM01004641.1",1,20936
"OLKM01004650.1",1,20889
"OLKM01004677.1",1,20683
"OLKM01004698.1",1,20544
"OLKM01004718.1",1,20450
"OLKM01004721.1",1,20428
"OLKM01004722.1",1,20415
"OLKM01004746.1",1,20273
"OLKM01004751.1",1,20247
"OLKM01004754.1",1,20235
"OLKM01004756.1",1,20227
"OLKM01004768.1",1,20200
"OLKM01004777.1",1,20118
"OLKM01004782.1",1,20089
"OLKM01004795.1",1,20023
"OLKM01004806.1",1,19957
"OLKM01004819.1",1,19865
"OLKM01004826.1",1,19830
"OLKM01004828.1",1,19819
"OLKM01004829.1",1,19816
"OLKM01004837.1",1,19750
"OLKM01004843.1",1,19720
"OLKM01004850.1",1,19656
"OLKM01004866.1",1,19554
"OLKM01004873.1",1,19526
"OLKM01004875.1",1,19522
"OLKM01004888.1",1,19449
"OLKM01004917.1",1,19325
"OLKM01004921.1",1,19316
"OLKM01004929.1",1,19286
"OLKM01004934.1",1,19258
"OLKM01004957.1",1,19139
"OLKM01004966.1",1,19112
"OLKM01004968.1",1,19106
"OLKM01004969.1",1,19105
"OLKM01004996.1",1,18975
"OLKM01005012.1",1,18907
"OLKM01005031.1",1,18809
"OLKM01005039.1",1,18749
"OLKM01005047.1",1,18718
"OLKM01005049.1",1,18708
"OLKM01005054.1",1,18692
"OLKM01005066.1",1,18628
"OLKM01005088.1",1,18520
"OLKM01005090.1",1,18512
"OLKM01005101.1",1,18428
"OLKM01005126.1",1,18314
"OLKM01005132.1",1,18304
"OLKM01005165.1",1,18185
"OLKM01005167.1",1,18172
"OLKM01005171.1",1,18157
"OLKM01005172.1",1,18154
"OLKM01005177.1",1,18128
"OLKM01005187.1",1,18097
"OLKM01005189.1",1,18091
"OLKM01005206.1",1,18010
"OLKM01005211.1",1,17986
"OLKM01005223.1",1,17935
"OLKM01005229.1",1,17906
"OLKM01005257.1",1,17802
"OLKM01005258.1",1,17793
"OLKM01005293.1",1,17667
"OLKM01005306.1",1,17613
"OLKM01005309.1",1,17600
"OLKM01005330.1",1,17527
"OLKM01005332.1",1,17515
"OLKM01005356.1",1,17438
"OLKM01005362.1",1,17420
"OLKM01005380.1",1,17365
"OLKM01005396.1",1,17316
"OLKM01005402.1",1,17295
"OLKM01005411.1",1,17256
"OLKM01005417.1",1,17236
"OLKM01005462.1",1,17063
"OLKM01005479.1",1,17030
"OLKM01005490.1",1,16988
"OLKM01005492.1",1,16984
"OLKM01005525.1",1,16871
"OLKM01005538.1",1,16831
"OLKM01005545.1",1,16802
"OLKM01005546.1",1,16801
"OLKM01005551.1",1,16784
"OLKM01005559.1",1,16768
"OLKM01005586.1",1,16682
"OLKM01005587.1",1,16672
"OLKM01005600.1",1,16622
"OLKM01005610.1",1,16588
"OLKM01005611.1",1,16583
"OLKM01005613.1",1,16576
"OLKM01005619.1",1,16568
"OLKM01005622.1",1,16553
"OLKM01005628.1",1,16546
"OLKM01005645.1",1,16464
"OLKM01005652.1",1,16430
"OLKM01005674.1",1,16325
"OLKM01005685.1",1,16259
"OLKM01005686.1",1,16249
"OLKM01005696.1",1,16216
"OLKM01005704.1",1,16173
"OLKM01005725.1",1,16108
"OLKM01005728.1",1,16091
"OLKM01005738.1",1,16053
"OLKM01005751.1",1,16028
"OLKM01005772.1",1,15966
"OLKM01005789.1",1,15914
"OLKM01005804.1",1,15889
"OLKM01005807.1",1,15876
"OLKM01005809.1",1,15871
"OLKM01005835.1",1,15805
"OLKM01005842.1",1,15791
"OLKM01005858.1",1,15742
"OLKM01005871.1",1,15718
"OLKM01005900.1",1,15633
"OLKM01005907.1",1,15622
"OLKM01005912.1",1,15615
"OLKM01005940.1",1,15509
"OLKM01005946.1",1,15492
"OLKM01005963.1",1,15456
"OLKM01005979.1",1,15399
"OLKM01005984.1",1,15391
"OLKM01005987.1",1,15380
"OLKM01006023.1",1,15282
"OLKM01006035.1",1,15265
"OLKM01006036.1",1,15264
"OLKM01006039.1",1,15257
"OLKM01006044.1",1,15242
"OLKM01006050.1",1,15226
"OLKM01006093.1",1,15137
"OLKM01006095.1",1,15128
"OLKM01006100.1",1,15113
"OLKM01006105.1",1,15106
"OLKM01006113.1",1,15090
"OLKM01006137.1",1,15031
"OLKM01006141.1",1,15022
"OLKM01006147.1",1,15010
"OLKM01006161.1",1,14969
"OLKM01006206.1",1,14847
"OLKM01006214.1",1,14830
"OLKM01006217.1",1,14824
"OLKM01006218.1",1,14816
"OLKM01006228.1",1,14794
"OLKM01006235.1",1,14785
"OLKM01006236.1",1,14784
"OLKM01006254.1",1,14721
"OLKM01006294.1",1,14635
"OLKM01006296.1",1,14629
"OLKM01006298.1",1,14629
"OLKM01006299.1",1,14625
"OLKM01006300.1",1,14618
"OLKM01006317.1",1,14585
"OLKM01006334.1",1,14535
"OLKM01006341.1",1,14518
"OLKM01006342.1",1,14518
"OLKM01006353.1",1,14494
"OLKM01006355.1",1,14488
"OLKM01006356.1",1,14485
"OLKM01006383.1",1,14426
"OLKM01006397.1",1,14386
"OLKM01006422.1",1,14317
"OLKM01006437.1",1,14283
"OLKM01006448.1",1,14260
"OLKM01006459.1",1,14205
"OLKM01006469.1",1,14172
"OLKM01006472.1",1,14168
"OLKM01006473.1",1,14166
"OLKM01006476.1",1,14161
"OLKM01006483.1",1,14154
"OLKM01006520.1",1,14044
"OLKM01006525.1",1,14033
"OLKM01006558.1",1,13942
"OLKM01006559.1",1,13941
"OLKM01006565.1",1,13927
"OLKM01006577.1",1,13898
"OLKM01006580.1",1,13896
"OLKM01006585.1",1,13886
"OLKM01006617.1",1,13818
"OLKM01006619.1",1,13817
"OLKM01006621.1",1,13812
"OLKM01006630.1",1,13781
"OLKM01006631.1",1,13769
"OLKM01006646.1",1,13730
"OLKM01006648.1",1,13729
"OLKM01006686.1",1,13637
"OLKM01006693.1",1,13620
"OLKM01006697.1",1,13606
"OLKM01006706.1",1,13585
"OLKM01006708.1",1,13581
"OLKM01006711.1",1,13578
"OLKM01006725.1",1,13545
"OLKM01006728.1",1,13543
"OLKM01006740.1",1,13514
"OLKM01006746.1",1,13506
"OLKM01006747.1",1,13504
"OLKM01006754.1",1,13487
"OLKM01006765.1",1,13447
"OLKM01006769.1",1,13432
"OLKM01006770.1",1,13431
"OLKM01006788.1",1,13404
"OLKM01006790.1",1,13402
"OLKM01006799.1",1,13379
"OLKM01006814.1",1,13351
"OLKM01006826.1",1,13312
"OLKM01006849.1",1,13254
"OLKM01006860.1",1,13233
"OLKM01006883.1",1,13172
"OLKM01006894.1",1,13145
"OLKM01006901.1",1,13134
"OLKM01006911.1",1,13121
"OLKM01006920.1",1,13094
"OLKM01006922.1",1,13091
"OLKM01006933.1",1,13071
"OLKM01006940.1",1,13056
"OLKM01006959.1",1,12999
"OLKM01006965.1",1,12980
"OLKM01006982.1",1,12928
"OLKM01007001.1",1,12886
"OLKM01007010.1",1,12870
"OLKM01007024.1",1,12826
"OLKM01007055.1",1,12740
"OLKM01007057.1",1,12736
"OLKM01007071.1",1,12699
"OLKM01007088.1",1,12665
"OLKM01007099.1",1,12622
"OLKM01007101.1",1,12617
"OLKM01007105.1",1,12614
"OLKM01007119.1",1,12586
"OLKM01007137.1",1,12535
"OLKM01007148.1",1,12504
"OLKM01007177.1",1,12427
"OLKM01007196.1",1,12376
"OLKM01007207.1",1,12339
"OLKM01007209.1",1,12335
"OLKM01007212.1",1,12328
"OLKM01007229.1",1,12282
"OLKM01007240.1",1,12243
"OLKM01007241.1",1,12241
"OLKM01007253.1",1,12220
"OLKM01007278.1",1,12143
"OLKM01007281.1",1,12136
"OLKM01007283.1",1,12130
"OLKM01007290.1",1,12117
"OLKM01007291.1",1,12115
"OLKM01007294.1",1,12107
"OLKM01007299.1",1,12094
"OLKM01007323.1",1,12050
"OLKM01007359.1",1,11982
"OLKM01007365.1",1,11976
"OLKM01007376.1",1,11948
"OLKM01007414.1",1,11878
"OLKM01007437.1",1,11824
"OLKM01007442.1",1,11811
"OLKM01007448.1",1,11800
"OLKM01007471.1",1,11738
"OLKM01007476.1",1,11725
"OLKM01007498.1",1,11679
"OLKM01007503.1",1,11663
"OLKM01007511.1",1,11635
"OLKM01007516.1",1,11607
"OLKM01007521.1",1,11587
"OLKM01007528.1",1,11568
"OLKM01007530.1",1,11564
"OLKM01007532.1",1,11563
"OLKM01007545.1",1,11513
"OLKM01007559.1",1,11454
"OLKM01007566.1",1,11434
"OLKM01007580.1",1,11395
"OLKM01007581.1",1,11392
"OLKM01007593.1",1,11368
"OLKM01007612.1",1,11304
"OLKM01007614.1",1,11302
"OLKM01007622.1",1,11275
"OLKM01007624.1",1,11268
"OLKM01007641.1",1,11223
"OLKM01007645.1",1,11209
"OLKM01007646.1",1,11208
"OLKM01007653.1",1,11194
"OLKM01007661.1",1,11164
"OLKM01007662.1",1,11164
"OLKM01007679.1",1,11103
"OLKM01007733.1",1,10942
"OLKM01007747.1",1,10908
"OLKM01007758.1",1,10881
"OLKM01007763.1",1,10866
"OLKM01007772.1",1,10850
"OLKM01007778.1",1,10827
"OLKM01007793.1",1,10778
"OLKM01007809.1",1,10741
"OLKM01007820.1",1,10715
"OLKM01007821.1",1,10715
"OLKM01007844.1",1,10634
"OLKM01007856.1",1,10588
"OLKM01007860.1",1,10575
"OLKM01007863.1",1,10573
"OLKM01007884.1",1,10505
"OLKM01007909.1",1,10446
"OLKM01007920.1",1,10385
"OLKM01007921.1",1,10383
"OLKM01007931.1",1,10345
"OLKM01007932.1",1,10343
"OLKM01007964.1",1,10232
"OLKM01007965.1",1,10225
"OLKM01007970.1",1,10198
"OLKM01007985.1",1,10148
"OLKM01008001.1",1,10104
"OLKM01008004.1",1,10088
"OLKM01008017.1",1,10037
"OLKM01008033.1",1,9978
"OLKM01008050.1",1,9828
"OLKM01008052.1",1,9790
"OLKM01008058.1",1,9727
"OLKM01008077.1",1,9379
"OLKM01008119.1",1,8376
"OLKM01008139.1",1,7990
"OLKM01008143.1",1,7929
"OLKM01008191.1",1,6339
"OLKM01008215.1",1,5546
"OLKM01008268.1",1,4350
"OLKM01008269.1",1,4327
"OLKM01008277.1",1,4125
"OLKM01008278.1",1,4081
"OLKM01008280.1",1,4067
"OLKM01008315.1",1,3492
"OLKM01008358.1",1,2911
"OLKM01008376.1",1,2664
