"","Loc","Number_of_models"
"1","ENA_OLKM01000071_OLKM01000071.1_39349",100
"2","ENA_OLKM01000071_OLKM01000071.1_39728",100
"3","ENA_OLKM01000076_OLKM01000076.1_7292",100
"4","ENA_OLKM01000076_OLKM01000076.1_7757",100
"5","ENA_OLKM01000142_OLKM01000142.1_437260",100
"6","ENA_OLKM01000184_OLKM01000184.1_359781",100
"7","ENA_OLKM01000254_OLKM01000254.1_5604",100
"8","ENA_OLKM01000648_OLKM01000648.1_136921",100
"9","ENA_OLKM01000820_OLKM01000820.1_215195",100
"10","ENA_OLKM01000901_OLKM01000901.1_204226",100
"11","ENA_OLKM01000914_OLKM01000914.1_3148",100
"12","ENA_OLKM01000914_OLKM01000914.1_3655",100
"13","ENA_OLKM01000914_OLKM01000914.1_3978",100
"14","ENA_OLKM01000914_OLKM01000914.1_4033",100
"15","ENA_OLKM01000914_OLKM01000914.1_779",100
"16","ENA_OLKM01001424_OLKM01001424.1_16737",100
"17","ENA_OLKM01003470_OLKM01003470.1_16642",100
"18","ENA_OLKM01003606_OLKM01003606.1_3540",100
"19","ENA_OLKM01003945_OLKM01003945.1_21497",100
"20","ENA_OLKM01003945_OLKM01003945.1_7095",100
"21","ENA_OLKM01003981_OLKM01003981.1_24895",100
"22","ENA_OLKM01004222_OLKM01004222.1_9826",100
"23","ENA_OLKM01004487_OLKM01004487.1_2214",100
"24","ENA_OLKM01004603_OLKM01004603.1_4103",100
"25","ENA_OLKM01004989_OLKM01004989.1_11955",100
"26","ENA_OLKM01005161_OLKM01005161.1_3737",100
"27","ENA_OLKM01005235_OLKM01005235.1_10297",100
"28","ENA_OLKM01006098_OLKM01006098.1_10307",100
"29","ENA_OLKM01006350_OLKM01006350.1_7714",100
"30","ENA_OLKM01006419_OLKM01006419.1_4067",100
"31","ENA_OLKM01006540_OLKM01006540.1_832",100
"32","ENA_OLKM01006686_OLKM01006686.1_2685",100
"33","ENA_OLKM01006744_OLKM01006744.1_1396",100
"34","ENA_OLKM01007863_OLKM01007863.1_5404",100
"35","ENA_OLKM01008065_OLKM01008065.1_329",100
"36","ENA_OLKM01000046_OLKM01000046.1_547462",99
"37","ENA_OLKM01000687_OLKM01000687.1_240301",99
"38","ENA_OLKM01003783_OLKM01003783.1_24824",99
"39","ENA_OLKM01003945_OLKM01003945.1_6956",99
"40","ENA_OLKM01004926_OLKM01004926.1_11515",99
"41","ENA_OLKM01004965_OLKM01004965.1_10906",99
"42","ENA_OLKM01005804_OLKM01005804.1_10902",99
"43","ENA_OLKM01006602_OLKM01006602.1_1236",99
"44","ENA_OLKM01000076_OLKM01000076.1_7284",98
"45","ENA_OLKM01000076_OLKM01000076.1_7753",98
"46","ENA_OLKM01000648_OLKM01000648.1_136906",98
"47","ENA_OLKM01000672_OLKM01000672.1_80338",98
"48","ENA_OLKM01002372_OLKM01002372.1_67422",98
"49","ENA_OLKM01004065_OLKM01004065.1_11392",98
"50","ENA_OLKM01004954_OLKM01004954.1_1186",98
"51","ENA_OLKM01005235_OLKM01005235.1_10058",98
"52","ENA_OLKM01005523_OLKM01005523.1_6923",98
"53","ENA_OLKM01006098_OLKM01006098.1_10283",98
"54","ENA_OLKM01006140_OLKM01006140.1_4016",98
"55","ENA_OLKM01000877_OLKM01000877.1_118992",97
"56","ENA_OLKM01000949_OLKM01000949.1_104276",97
"57","ENA_OLKM01002382_OLKM01002382.1_33984",97
"58","ENA_OLKM01003651_OLKM01003651.1_19739",97
"59","ENA_OLKM01004922_OLKM01004922.1_6861",97
"60","ENA_OLKM01006880_OLKM01006880.1_569",97
"61","ENA_OLKM01000023_OLKM01000023.1_309832",96
"62","ENA_OLKM01000239_OLKM01000239.1_296135",96
"63","ENA_OLKM01000748_OLKM01000748.1_95046",96
"64","ENA_OLKM01001749_OLKM01001749.1_105779",96
"65","ENA_OLKM01002864_OLKM01002864.1_42401",96
"66","ENA_OLKM01004105_OLKM01004105.1_13352",96
"67","ENA_OLKM01006164_OLKM01006164.1_8577",96
"68","ENA_OLKM01006232_OLKM01006232.1_1119",96
"69","ENA_OLKM01007104_OLKM01007104.1_6269",96
"70","ENA_OLKM01000715_OLKM01000715.1_115013",95
"71","ENA_OLKM01001162_OLKM01001162.1_17794",95
"72","ENA_OLKM01001434_OLKM01001434.1_22857",95
"73","ENA_OLKM01004455_OLKM01004455.1_13271",95
"74","ENA_OLKM01006482_OLKM01006482.1_3572",95
"75","ENA_OLKM01008299_OLKM01008299.1_3009",95
"76","ENA_OLKM01000199_OLKM01000199.1_368045",94
"77","ENA_OLKM01001173_OLKM01001173.1_6444",94
"78","ENA_OLKM01001183_OLKM01001183.1_76557",94
"79","ENA_OLKM01003916_OLKM01003916.1_18014",94
"80","ENA_OLKM01006321_OLKM01006321.1_6919",94
"81","ENA_OLKM01003916_OLKM01003916.1_18642",93
"82","ENA_OLKM01005727_OLKM01005727.1_10908",93
"83","ENA_OLKM01006482_OLKM01006482.1_3444",93
"84","ENA_OLKM01000012_OLKM01000012.1_769865",92
"85","ENA_OLKM01000203_OLKM01000203.1_218756",92
"86","ENA_OLKM01000517_OLKM01000517.1_207181",92
"87","ENA_OLKM01000517_OLKM01000517.1_276192",92
"88","ENA_OLKM01001152_OLKM01001152.1_27808",92
"89","ENA_OLKM01004515_OLKM01004515.1_12388",92
"90","ENA_OLKM01006776_OLKM01006776.1_7275",92
"91","ENA_OLKM01000008_OLKM01000008.1_1051937",91
"92","ENA_OLKM01002372_OLKM01002372.1_67825",91
"93","ENA_OLKM01004106_OLKM01004106.1_13782",91
"94","ENA_OLKM01004312_OLKM01004312.1_9186",91
"95","ENA_OLKM01006877_OLKM01006877.1_3131",91
"96","ENA_OLKM01007279_OLKM01007279.1_1225",91
"97","ENA_OLKM01007445_OLKM01007445.1_2985",91
"98","ENA_OLKM01000914_OLKM01000914.1_40819",90
"99","ENA_OLKM01001183_OLKM01001183.1_76611",90
"100","ENA_OLKM01003581_OLKM01003581.1_23437",90
"101","ENA_OLKM01004954_OLKM01004954.1_5882",90
"102","ENA_OLKM01007134_OLKM01007134.1_3333",90
"103","ENA_OLKM01000011_OLKM01000011.1_711438",89
"104","ENA_OLKM01000054_OLKM01000054.1_64600",89
"105","ENA_OLKM01000086_OLKM01000086.1_86298",89
"106","ENA_OLKM01000184_OLKM01000184.1_359716",89
"107","ENA_OLKM01003531_OLKM01003531.1_15804",89
"108","ENA_OLKM01003581_OLKM01003581.1_24851",89
"109","ENA_OLKM01004150_OLKM01004150.1_22322",89
"110","ENA_OLKM01007251_OLKM01007251.1_1721",89
"111","ENA_OLKM01000076_OLKM01000076.1_7774",88
"112","ENA_OLKM01000154_OLKM01000154.1_143166",88
"113","ENA_OLKM01000260_OLKM01000260.1_231605",88
"114","ENA_OLKM01001152_OLKM01001152.1_27816",88
"115","ENA_OLKM01001209_OLKM01001209.1_28645",88
"116","ENA_OLKM01001411_OLKM01001411.1_52446",88
"117","ENA_OLKM01002679_OLKM01002679.1_54923",88
"118","ENA_OLKM01004989_OLKM01004989.1_6573",88
"119","ENA_OLKM01000787_OLKM01000787.1_29720",87
"120","ENA_OLKM01002664_OLKM01002664.1_3017",87
"121","ENA_OLKM01003257_OLKM01003257.1_8266",87
"122","ENA_OLKM01003981_OLKM01003981.1_24316",87
"123","ENA_OLKM01000031_OLKM01000031.1_48844",86
"124","ENA_OLKM01000380_OLKM01000380.1_73149",86
"125","ENA_OLKM01003916_OLKM01003916.1_19057",86
"126","ENA_OLKM01004965_OLKM01004965.1_11019",86
"127","ENA_OLKM01005523_OLKM01005523.1_11085",86
"128","ENA_OLKM01005548_OLKM01005548.1_11422",86
"129","ENA_OLKM01006462_OLKM01006462.1_3195",86
"130","ENA_OLKM01000041_OLKM01000041.1_17038",85
"131","ENA_OLKM01000326_OLKM01000326.1_179199",85
"132","ENA_OLKM01000984_OLKM01000984.1_119632",85
"133","ENA_OLKM01004065_OLKM01004065.1_11957",85
"134","ENA_OLKM01006482_OLKM01006482.1_3473",85
"135","ENA_OLKM01007104_OLKM01007104.1_9356",85
"136","ENA_OLKM01001156_OLKM01001156.1_13757",84
"137","ENA_OLKM01006440_OLKM01006440.1_7084",84
"138","ENA_OLKM01001286_OLKM01001286.1_115485",83
"139","ENA_OLKM01001831_OLKM01001831.1_56230",83
"140","ENA_OLKM01007744_OLKM01007744.1_2027",83
"141","ENA_OLKM01000150_OLKM01000150.1_277283",82
"142","ENA_OLKM01000201_OLKM01000201.1_10515",82
"143","ENA_OLKM01000380_OLKM01000380.1_302268",82
"144","ENA_OLKM01000512_OLKM01000512.1_141277",82
"145","ENA_OLKM01001863_OLKM01001863.1_35044",82
"146","ENA_OLKM01006190_OLKM01006190.1_1530",82
"147","ENA_OLKM01007004_OLKM01007004.1_3631",82
"148","ENA_OLKM01000076_OLKM01000076.1_7741",81
"149","ENA_OLKM01000648_OLKM01000648.1_136736",81
"150","ENA_OLKM01002372_OLKM01002372.1_69186",81
"151","ENA_OLKM01005523_OLKM01005523.1_9565",81
"152","ENA_OLKM01000002_OLKM01000002.1_698732",80
"153","ENA_OLKM01000044_OLKM01000044.1_478123",80
"154","ENA_OLKM01000325_OLKM01000325.1_249463",80
"155","ENA_OLKM01000349_OLKM01000349.1_285796",79
"156","ENA_OLKM01000408_OLKM01000408.1_57093",79
"157","ENA_OLKM01002372_OLKM01002372.1_69548",79
"158","ENA_OLKM01004067_OLKM01004067.1_9880",79
"159","ENA_OLKM01000076_OLKM01000076.1_150638",78
"160","ENA_OLKM01001152_OLKM01001152.1_27913",78
"161","ENA_OLKM01001812_OLKM01001812.1_22841",78
"162","ENA_OLKM01003945_OLKM01003945.1_6963",78
"163","ENA_OLKM01007458_OLKM01007458.1_3748",78
"164","ENA_OLKM01000240_OLKM01000240.1_254681",77
"165","ENA_OLKM01001806_OLKM01001806.1_26855",77
"166","ENA_OLKM01002431_OLKM01002431.1_5830",77
"167","ENA_OLKM01003120_OLKM01003120.1_1439",77
"168","ENA_OLKM01003581_OLKM01003581.1_25051",77
"169","ENA_OLKM01004106_OLKM01004106.1_11903",77
"170","ENA_OLKM01004565_OLKM01004565.1_7630",77
"171","ENA_OLKM01006484_OLKM01006484.1_4155",77
"172","ENA_OLKM01007445_OLKM01007445.1_3034",77
"173","ENA_OLKM01000157_OLKM01000157.1_95384",76
"174","ENA_OLKM01003646_OLKM01003646.1_23710",76
"175","ENA_OLKM01003916_OLKM01003916.1_17963",76
"176","ENA_OLKM01002367_OLKM01002367.1_28552",75
"177","ENA_OLKM01006540_OLKM01006540.1_873",75
"178","ENA_OLKM01006877_OLKM01006877.1_3327",75
"179","ENA_OLKM01000184_OLKM01000184.1_359734",74
"180","ENA_OLKM01000346_OLKM01000346.1_163908",74
"181","ENA_OLKM01000765_OLKM01000765.1_85510",74
"182","ENA_OLKM01007279_OLKM01007279.1_2684",74
"183","ENA_OLKM01000265_OLKM01000265.1_256191",73
"184","ENA_OLKM01001042_OLKM01001042.1_150693",73
"185","ENA_OLKM01001522_OLKM01001522.1_109367",73
"186","ENA_OLKM01002271_OLKM01002271.1_8176",73
"187","ENA_OLKM01003783_OLKM01003783.1_24331",73
"188","ENA_OLKM01004585_OLKM01004585.1_7517",73
"189","ENA_OLKM01000782_OLKM01000782.1_216325",72
"190","ENA_OLKM01004198_OLKM01004198.1_9670",72
"191","ENA_OLKM01005740_OLKM01005740.1_13483",72
"192","ENA_OLKM01006261_OLKM01006261.1_6565",72
"193","ENA_OLKM01001348_OLKM01001348.1_51455",71
"194","ENA_OLKM01001652_OLKM01001652.1_91386",71
"195","ENA_OLKM01005034_OLKM01005034.1_2049",71
"196","ENA_OLKM01000918_OLKM01000918.1_11081",70
"197","ENA_OLKM01005235_OLKM01005235.1_10676",70
"198","ENA_OLKM01000261_OLKM01000261.1_320172",69
"199","ENA_OLKM01002369_OLKM01002369.1_49076",69
"200","ENA_OLKM01003026_OLKM01003026.1_16103",69
"201","ENA_OLKM01003570_OLKM01003570.1_28534",69
"202","ENA_OLKM01006440_OLKM01006440.1_10665",69
"203","ENA_OLKM01000071_OLKM01000071.1_39734",68
"204","ENA_OLKM01000215_OLKM01000215.1_111987",68
"205","ENA_OLKM01001193_OLKM01001193.1_41574",68
"206","ENA_OLKM01006422_OLKM01006422.1_535",68
"207","ENA_OLKM01000950_OLKM01000950.1_74223",67
"208","ENA_OLKM01006254_OLKM01006254.1_671",67
"209","ENA_OLKM01006744_OLKM01006744.1_2204",67
"210","ENA_OLKM01000174_OLKM01000174.1_172833",66
"211","ENA_OLKM01000443_OLKM01000443.1_148526",66
"212","ENA_OLKM01000919_OLKM01000919.1_110313",66
"213","ENA_OLKM01001162_OLKM01001162.1_17808",66
"214","ENA_OLKM01001691_OLKM01001691.1_36837",65
"215","ENA_OLKM01000284_OLKM01000284.1_368788",64
"216","ENA_OLKM01000326_OLKM01000326.1_179184",64
"217","ENA_OLKM01004002_OLKM01004002.1_3207",64
"218","ENA_OLKM01008299_OLKM01008299.1_1667",64
"219","ENA_OLKM01000479_OLKM01000479.1_260095",63
"220","ENA_OLKM01000512_OLKM01000512.1_141194",63
"221","ENA_OLKM01000648_OLKM01000648.1_136874",63
"222","ENA_OLKM01001031_OLKM01001031.1_80441",63
"223","ENA_OLKM01007696_OLKM01007696.1_1451",63
"224","ENA_OLKM01000846_OLKM01000846.1_88975",62
"225","ENA_OLKM01002240_OLKM01002240.1_69467",62
"226","ENA_OLKM01005235_OLKM01005235.1_9662",62
"227","ENA_OLKM01006384_OLKM01006384.1_1473",62
"228","ENA_OLKM01000207_OLKM01000207.1_145749",61
"229","ENA_OLKM01001373_OLKM01001373.1_94870",61
"230","ENA_OLKM01005523_OLKM01005523.1_10205",61
"231","ENA_OLKM01007349_OLKM01007349.1_815",61
"232","ENA_OLKM01000071_OLKM01000071.1_39363",60
"233","ENA_OLKM01000212_OLKM01000212.1_19839",60
"234","ENA_OLKM01000775_OLKM01000775.1_123607",60
"235","ENA_OLKM01001162_OLKM01001162.1_14728",60
"236","ENA_OLKM01002279_OLKM01002279.1_62496",60
"237","ENA_OLKM01005548_OLKM01005548.1_11393",60
"238","ENA_OLKM01006138_OLKM01006138.1_3026",60
"239","ENA_OLKM01000075_OLKM01000075.1_577347",59
"240","ENA_OLKM01002077_OLKM01002077.1_34349",59
"241","ENA_OLKM01005881_OLKM01005881.1_10257",59
"242","ENA_OLKM01000027_OLKM01000027.1_477807",58
"243","ENA_OLKM01000086_OLKM01000086.1_107320",58
"244","ENA_OLKM01000309_OLKM01000309.1_345014",58
"245","ENA_OLKM01000715_OLKM01000715.1_115019",58
"246","ENA_OLKM01006880_OLKM01006880.1_261",58
"247","ENA_OLKM01000071_OLKM01000071.1_39740",57
"248","ENA_OLKM01000677_OLKM01000677.1_217888",57
"249","ENA_OLKM01004874_OLKM01004874.1_5222",57
"250","ENA_OLKM01000123_OLKM01000123.1_446255",56
"251","ENA_OLKM01003581_OLKM01003581.1_23531",56
"252","ENA_OLKM01003581_OLKM01003581.1_27786",56
"253","ENA_OLKM01008299_OLKM01008299.1_1432",56
"254","ENA_OLKM01000052_OLKM01000052.1_124819",55
"255","ENA_OLKM01000346_OLKM01000346.1_149536",55
"256","ENA_OLKM01000386_OLKM01000386.1_156793",55
"257","ENA_OLKM01000586_OLKM01000586.1_2739",55
"258","ENA_OLKM01000648_OLKM01000648.1_136904",55
"259","ENA_OLKM01001320_OLKM01001320.1_49836",55
"260","ENA_OLKM01005523_OLKM01005523.1_6825",55
"261","ENA_OLKM01000009_OLKM01000009.1_68777",54
"262","ENA_OLKM01000403_OLKM01000403.1_198955",54
"263","ENA_OLKM01004312_OLKM01004312.1_9170",54
"264","ENA_OLKM01000301_OLKM01000301.1_190961",53
"265","ENA_OLKM01001318_OLKM01001318.1_60659",53
"266","ENA_OLKM01001462_OLKM01001462.1_13077",53
"267","ENA_OLKM01006880_OLKM01006880.1_407",53
"268","ENA_OLKM01007477_OLKM01007477.1_5801",53
"269","ENA_OLKM01007477_OLKM01007477.1_5808",53
"270","ENA_OLKM01000308_OLKM01000308.1_323480",52
"271","ENA_OLKM01000305_OLKM01000305.1_142264",51
"272","ENA_OLKM01000897_OLKM01000897.1_51253",51
"273","ENA_OLKM01001288_OLKM01001288.1_34539",51
"274","ENA_OLKM01005710_OLKM01005710.1_1859",51
"275","ENA_OLKM01006164_OLKM01006164.1_8428",51
"276","ENA_OLKM01000051_OLKM01000051.1_245802",50
"277","ENA_OLKM01000208_OLKM01000208.1_334864",50
"278","ENA_OLKM01000335_OLKM01000335.1_146967",50
"279","ENA_OLKM01001085_OLKM01001085.1_79805",50
"280","ENA_OLKM01001162_OLKM01001162.1_17833",50
"281","ENA_OLKM01000019_OLKM01000019.1_719830",49
"282","ENA_OLKM01000842_OLKM01000842.1_203249",49
"283","ENA_OLKM01000984_OLKM01000984.1_148505",49
"284","ENA_OLKM01003387_OLKM01003387.1_19951",49
"285","ENA_OLKM01005679_OLKM01005679.1_11281",49
"286","ENA_OLKM01006007_OLKM01006007.1_4353",49
"287","ENA_OLKM01000267_OLKM01000267.1_341303",48
"288","ENA_OLKM01002149_OLKM01002149.1_9826",48
"289","ENA_OLKM01005953_OLKM01005953.1_8466",48
"290","ENA_OLKM01000051_OLKM01000051.1_210495",47
"291","ENA_OLKM01000129_OLKM01000129.1_261627",47
"292","ENA_OLKM01000167_OLKM01000167.1_408886",47
"293","ENA_OLKM01000184_OLKM01000184.1_359607",47
"294","ENA_OLKM01000440_OLKM01000440.1_115022",47
"295","ENA_OLKM01001225_OLKM01001225.1_115347",47
"296","ENA_OLKM01002735_OLKM01002735.1_46024",47
"297","ENA_OLKM01006190_OLKM01006190.1_1335",47
"298","ENA_OLKM01000380_OLKM01000380.1_110707",46
"299","ENA_OLKM01000478_OLKM01000478.1_14902",46
"300","ENA_OLKM01000897_OLKM01000897.1_48793",46
"301","ENA_OLKM01001424_OLKM01001424.1_16722",46
"302","ENA_OLKM01003981_OLKM01003981.1_21458",46
"303","ENA_OLKM01007468_OLKM01007468.1_2559",46
"304","ENA_OLKM01000139_OLKM01000139.1_79316",45
"305","ENA_OLKM01000301_OLKM01000301.1_191058",45
"306","ENA_OLKM01000454_OLKM01000454.1_203980",45
"307","ENA_OLKM01000632_OLKM01000632.1_191466",45
"308","ENA_OLKM01001271_OLKM01001271.1_31107",45
"309","ENA_OLKM01003783_OLKM01003783.1_24351",45
"310","ENA_OLKM01006440_OLKM01006440.1_8210",45
"311","ENA_OLKM01007279_OLKM01007279.1_2713",45
"312","ENA_OLKM01000006_OLKM01000006.1_906500",44
"313","ENA_OLKM01000022_OLKM01000022.1_524672",44
"314","ENA_OLKM01000203_OLKM01000203.1_218767",44
"315","ENA_OLKM01000287_OLKM01000287.1_88337",44
"316","ENA_OLKM01000395_OLKM01000395.1_147586",44
"317","ENA_OLKM01000655_OLKM01000655.1_82097",44
"318","ENA_OLKM01000989_OLKM01000989.1_36791",44
"319","ENA_OLKM01001580_OLKM01001580.1_70315",44
"320","ENA_OLKM01001635_OLKM01001635.1_70110",44
"321","ENA_OLKM01002001_OLKM01002001.1_69572",44
"322","ENA_OLKM01002908_OLKM01002908.1_40075",44
"323","ENA_OLKM01003646_OLKM01003646.1_2076",44
"324","ENA_OLKM01004810_OLKM01004810.1_7628",44
"325","ENA_OLKM01005397_OLKM01005397.1_3404",44
"326","ENA_OLKM01000132_OLKM01000132.1_361344",43
"327","ENA_OLKM01000303_OLKM01000303.1_21538",43
"328","ENA_OLKM01000337_OLKM01000337.1_193193",43
"329","ENA_OLKM01000736_OLKM01000736.1_217526",43
"330","ENA_OLKM01001817_OLKM01001817.1_42189",43
"331","ENA_OLKM01006775_OLKM01006775.1_7005",43
"332","ENA_OLKM01000305_OLKM01000305.1_142249",42
"333","ENA_OLKM01001439_OLKM01001439.1_56274",42
"334","ENA_OLKM01001921_OLKM01001921.1_57710",42
"335","ENA_OLKM01007038_OLKM01007038.1_2159",42
"336","ENA_OLKM01008247_OLKM01008247.1_2051",42
"337","ENA_OLKM01000005_OLKM01000005.1_920591",41
"338","ENA_OLKM01000305_OLKM01000305.1_142134",41
"339","ENA_OLKM01000324_OLKM01000324.1_342048",41
"340","ENA_OLKM01000741_OLKM01000741.1_219513",41
"341","ENA_OLKM01004954_OLKM01004954.1_5657",41
"342","ENA_OLKM01000071_OLKM01000071.1_39381",40
"343","ENA_OLKM01000309_OLKM01000309.1_345096",40
"344","ENA_OLKM01000324_OLKM01000324.1_342145",40
"345","ENA_OLKM01001373_OLKM01001373.1_87693",40
"346","ENA_OLKM01002089_OLKM01002089.1_61027",40
"347","ENA_OLKM01000011_OLKM01000011.1_694977",39
"348","ENA_OLKM01000699_OLKM01000699.1_82500",39
"349","ENA_OLKM01000029_OLKM01000029.1_756342",38
"350","ENA_OLKM01000326_OLKM01000326.1_179176",38
"351","ENA_OLKM01000391_OLKM01000391.1_126283",38
"352","ENA_OLKM01000650_OLKM01000650.1_137349",38
"353","ENA_OLKM01003041_OLKM01003041.1_26875",38
"354","ENA_OLKM01003581_OLKM01003581.1_23426",38
"355","ENA_OLKM01006685_OLKM01006685.1_2042",38
"356","ENA_OLKM01000038_OLKM01000038.1_181666",37
"357","ENA_OLKM01000517_OLKM01000517.1_208639",37
"358","ENA_OLKM01001042_OLKM01001042.1_6617",37
"359","ENA_OLKM01001738_OLKM01001738.1_45048",37
"360","ENA_OLKM01003282_OLKM01003282.1_10476",37
"361","ENA_OLKM01004954_OLKM01004954.1_5875",37
"362","ENA_OLKM01008143_OLKM01008143.1_5697",37
"363","ENA_OLKM01000204_OLKM01000204.1_336675",36
"364","ENA_OLKM01000324_OLKM01000324.1_342108",36
"365","ENA_OLKM01000536_OLKM01000536.1_70361",36
"366","ENA_OLKM01000964_OLKM01000964.1_154492",36
"367","ENA_OLKM01004065_OLKM01004065.1_19417",36
"368","ENA_OLKM01000273_OLKM01000273.1_149074",35
"369","ENA_OLKM01000326_OLKM01000326.1_182798",35
"370","ENA_OLKM01000410_OLKM01000410.1_51648",35
"371","ENA_OLKM01001160_OLKM01001160.1_38872",35
"372","ENA_OLKM01001691_OLKM01001691.1_36918",35
"373","ENA_OLKM01001117_OLKM01001117.1_89749",34
"374","ENA_OLKM01001299_OLKM01001299.1_10132",34
"375","ENA_OLKM01001421_OLKM01001421.1_92344",34
"376","ENA_OLKM01002082_OLKM01002082.1_41988",34
"377","ENA_OLKM01000019_OLKM01000019.1_549048",33
"378","ENA_OLKM01000071_OLKM01000071.1_39412",33
"379","ENA_OLKM01000230_OLKM01000230.1_199725",33
"380","ENA_OLKM01000270_OLKM01000270.1_107709",33
"381","ENA_OLKM01001978_OLKM01001978.1_10601",33
"382","ENA_OLKM01002733_OLKM01002733.1_37264",33
"383","ENA_OLKM01005707_OLKM01005707.1_10170",33
"384","ENA_OLKM01000008_OLKM01000008.1_1051943",32
"385","ENA_OLKM01000047_OLKM01000047.1_393938",32
"386","ENA_OLKM01000113_OLKM01000113.1_107622",32
"387","ENA_OLKM01000134_OLKM01000134.1_456223",32
"388","ENA_OLKM01000351_OLKM01000351.1_56608",32
"389","ENA_OLKM01000470_OLKM01000470.1_73742",32
"390","ENA_OLKM01001092_OLKM01001092.1_129180",32
"391","ENA_OLKM01006655_OLKM01006655.1_2452",32
"392","ENA_OLKM01006880_OLKM01006880.1_901",32
"393","ENA_OLKM01000107_OLKM01000107.1_320527",31
"394","ENA_OLKM01000178_OLKM01000178.1_4072",31
"395","ENA_OLKM01000454_OLKM01000454.1_204108",31
"396","ENA_OLKM01000718_OLKM01000718.1_120115",31
"397","ENA_OLKM01000746_OLKM01000746.1_99464",31
"398","ENA_OLKM01000766_OLKM01000766.1_37993",31
"399","ENA_OLKM01001513_OLKM01001513.1_76293",31
"400","ENA_OLKM01001582_OLKM01001582.1_14651",31
"401","ENA_OLKM01002180_OLKM01002180.1_5865",31
"402","ENA_OLKM01002372_OLKM01002372.1_69210",31
"403","ENA_OLKM01006164_OLKM01006164.1_3139",31
"404","ENA_OLKM01007478_OLKM01007478.1_5225",31
"405","ENA_OLKM01000184_OLKM01000184.1_372532",30
"406","ENA_OLKM01000200_OLKM01000200.1_58020",30
"407","ENA_OLKM01000385_OLKM01000385.1_216528",30
"408","ENA_OLKM01001001_OLKM01001001.1_11105",30
"409","ENA_OLKM01001164_OLKM01001164.1_143370",30
"410","ENA_OLKM01002480_OLKM01002480.1_48916",30
"411","ENA_OLKM01002695_OLKM01002695.1_40971",30
"412","ENA_OLKM01003510_OLKM01003510.1_32051",30
"413","ENA_OLKM01003898_OLKM01003898.1_1415",30
"414","ENA_OLKM01000005_OLKM01000005.1_23516",29
"415","ENA_OLKM01000072_OLKM01000072.1_13604",29
"416","ENA_OLKM01000099_OLKM01000099.1_503439",29
"417","ENA_OLKM01000213_OLKM01000213.1_198026",29
"418","ENA_OLKM01000516_OLKM01000516.1_157078",29
"419","ENA_OLKM01000715_OLKM01000715.1_68132",29
"420","ENA_OLKM01000914_OLKM01000914.1_3514",29
"421","ENA_OLKM01003915_OLKM01003915.1_15184",29
"422","ENA_OLKM01005460_OLKM01005460.1_14619",29
"423","ENA_OLKM01002041_OLKM01002041.1_48735",28
"424","ENA_OLKM01002154_OLKM01002154.1_49847",28
"425","ENA_OLKM01008046_OLKM01008046.1_2402",28
"426","ENA_OLKM01000224_OLKM01000224.1_126042",27
"427","ENA_OLKM01000741_OLKM01000741.1_219536",27
"428","ENA_OLKM01000984_OLKM01000984.1_148499",27
"429","ENA_OLKM01001018_OLKM01001018.1_57867",27
"430","ENA_OLKM01002382_OLKM01002382.1_33953",27
"431","ENA_OLKM01004263_OLKM01004263.1_20733",27
"432","ENA_OLKM01004294_OLKM01004294.1_5590",27
"433","ENA_OLKM01004954_OLKM01004954.1_4790",27
"434","ENA_OLKM01007445_OLKM01007445.1_7246",27
"435","ENA_OLKM01000076_OLKM01000076.1_7712",26
"436","ENA_OLKM01000088_OLKM01000088.1_245764",26
"437","ENA_OLKM01000305_OLKM01000305.1_142267",26
"438","ENA_OLKM01001080_OLKM01001080.1_69683",26
"439","ENA_OLKM01001128_OLKM01001128.1_125312",26
"440","ENA_OLKM01001461_OLKM01001461.1_99402",26
"441","ENA_OLKM01001506_OLKM01001506.1_85487",26
"442","ENA_OLKM01003916_OLKM01003916.1_20703",26
"443","ENA_OLKM01000011_OLKM01000011.1_109156",25
"444","ENA_OLKM01000025_OLKM01000025.1_342627",25
"445","ENA_OLKM01000184_OLKM01000184.1_359880",25
"446","ENA_OLKM01000205_OLKM01000205.1_301153",25
"447","ENA_OLKM01000403_OLKM01000403.1_191784",25
"448","ENA_OLKM01001196_OLKM01001196.1_76611",25
"449","ENA_OLKM01001652_OLKM01001652.1_89059",25
"450","ENA_OLKM01002731_OLKM01002731.1_22685",25
"451","ENA_OLKM01002921_OLKM01002921.1_23755",25
"452","ENA_OLKM01004509_OLKM01004509.1_13899",25
"453","ENA_OLKM01004787_OLKM01004787.1_6477",25
"454","ENA_OLKM01000161_OLKM01000161.1_98552",24
"455","ENA_OLKM01000204_OLKM01000204.1_184191",24
"456","ENA_OLKM01000324_OLKM01000324.1_342043",24
"457","ENA_OLKM01000326_OLKM01000326.1_182752",24
"458","ENA_OLKM01000900_OLKM01000900.1_147900",24
"459","ENA_OLKM01001183_OLKM01001183.1_76597",24
"460","ENA_OLKM01001503_OLKM01001503.1_45693",24
"461","ENA_OLKM01006082_OLKM01006082.1_8480",24
"462","ENA_OLKM01006880_OLKM01006880.1_778",24
"463","ENA_OLKM01000034_OLKM01000034.1_307636",23
"464","ENA_OLKM01000099_OLKM01000099.1_463606",23
"465","ENA_OLKM01000103_OLKM01000103.1_107014",23
"466","ENA_OLKM01000230_OLKM01000230.1_222995",23
"467","ENA_OLKM01000250_OLKM01000250.1_196763",23
"468","ENA_OLKM01000337_OLKM01000337.1_193140",23
"469","ENA_OLKM01000554_OLKM01000554.1_192623",23
"470","ENA_OLKM01000725_OLKM01000725.1_46191",23
"471","ENA_OLKM01001108_OLKM01001108.1_98733",23
"472","ENA_OLKM01001385_OLKM01001385.1_9881",23
"473","ENA_OLKM01007349_OLKM01007349.1_792",23
"474","ENA_OLKM01000136_OLKM01000136.1_155712",22
"475","ENA_OLKM01000136_OLKM01000136.1_403179",22
"476","ENA_OLKM01000326_OLKM01000326.1_165822",22
"477","ENA_OLKM01000818_OLKM01000818.1_34132",22
"478","ENA_OLKM01001303_OLKM01001303.1_124922",22
"479","ENA_OLKM01001725_OLKM01001725.1_97870",22
"480","ENA_OLKM01000245_OLKM01000245.1_297424",21
"481","ENA_OLKM01000257_OLKM01000257.1_357916",21
"482","ENA_OLKM01000326_OLKM01000326.1_179196",21
"483","ENA_OLKM01000378_OLKM01000378.1_76799",21
"484","ENA_OLKM01000944_OLKM01000944.1_96225",21
"485","ENA_OLKM01000972_OLKM01000972.1_39602",21
"486","ENA_OLKM01001468_OLKM01001468.1_29249",21
"487","ENA_OLKM01002160_OLKM01002160.1_28974",21
"488","ENA_OLKM01004114_OLKM01004114.1_19766",21
"489","ENA_OLKM01005466_OLKM01005466.1_4767",21
"490","ENA_OLKM01006377_OLKM01006377.1_3346",21
"491","ENA_OLKM01007279_OLKM01007279.1_2880",21
"492","ENA_OLKM01007279_OLKM01007279.1_3301",21
"493","ENA_OLKM01000046_OLKM01000046.1_74188",20
"494","ENA_OLKM01000073_OLKM01000073.1_161728",20
"495","ENA_OLKM01000104_OLKM01000104.1_287654",20
"496","ENA_OLKM01000183_OLKM01000183.1_438351",20
"497","ENA_OLKM01000324_OLKM01000324.1_342121",20
"498","ENA_OLKM01000615_OLKM01000615.1_146347",20
"499","ENA_OLKM01000615_OLKM01000615.1_190458",20
"500","ENA_OLKM01000637_OLKM01000637.1_150377",20
"501","ENA_OLKM01000687_OLKM01000687.1_240329",20
"502","ENA_OLKM01000897_OLKM01000897.1_127544",20
"503","ENA_OLKM01000923_OLKM01000923.1_135054",20
"504","ENA_OLKM01001333_OLKM01001333.1_99573",20
"505","ENA_OLKM01001599_OLKM01001599.1_22020",20
"506","ENA_OLKM01002101_OLKM01002101.1_4327",20
"507","ENA_OLKM01002505_OLKM01002505.1_21275",20
"508","ENA_OLKM01002695_OLKM01002695.1_40222",20
"509","ENA_OLKM01006007_OLKM01006007.1_4273",20
"510","ENA_OLKM01000039_OLKM01000039.1_370968",19
"511","ENA_OLKM01000070_OLKM01000070.1_547095",19
"512","ENA_OLKM01000074_OLKM01000074.1_301012",19
"513","ENA_OLKM01000167_OLKM01000167.1_282812",19
"514","ENA_OLKM01000198_OLKM01000198.1_330925",19
"515","ENA_OLKM01000277_OLKM01000277.1_20170",19
"516","ENA_OLKM01000362_OLKM01000362.1_296467",19
"517","ENA_OLKM01000670_OLKM01000670.1_208004",19
"518","ENA_OLKM01002033_OLKM01002033.1_36776",19
"519","ENA_OLKM01002367_OLKM01002367.1_28534",19
"520","ENA_OLKM01005727_OLKM01005727.1_10854",19
"521","ENA_OLKM01000219_OLKM01000219.1_275781",18
"522","ENA_OLKM01000398_OLKM01000398.1_42695",18
"523","ENA_OLKM01000633_OLKM01000633.1_57101",18
"524","ENA_OLKM01000748_OLKM01000748.1_95074",18
"525","ENA_OLKM01000972_OLKM01000972.1_175632",18
"526","ENA_OLKM01001517_OLKM01001517.1_32504",18
"527","ENA_OLKM01003916_OLKM01003916.1_20060",18
"528","ENA_OLKM01000002_OLKM01000002.1_613414",17
"529","ENA_OLKM01000065_OLKM01000065.1_529292",17
"530","ENA_OLKM01000172_OLKM01000172.1_114485",17
"531","ENA_OLKM01000458_OLKM01000458.1_235902",17
"532","ENA_OLKM01000822_OLKM01000822.1_36469",17
"533","ENA_OLKM01000910_OLKM01000910.1_182090",17
"534","ENA_OLKM01001738_OLKM01001738.1_44955",17
"535","ENA_OLKM01002617_OLKM01002617.1_25552",17
"536","ENA_OLKM01005207_OLKM01005207.1_6255",17
"537","ENA_OLKM01006482_OLKM01006482.1_7077",17
"538","ENA_OLKM01007468_OLKM01007468.1_2361",17
"539","ENA_OLKM01000011_OLKM01000011.1_36657",16
"540","ENA_OLKM01000014_OLKM01000014.1_464057",16
"541","ENA_OLKM01000019_OLKM01000019.1_777486",16
"542","ENA_OLKM01000099_OLKM01000099.1_563982",16
"543","ENA_OLKM01000108_OLKM01000108.1_264379",16
"544","ENA_OLKM01000219_OLKM01000219.1_255331",16
"545","ENA_OLKM01000301_OLKM01000301.1_191063",16
"546","ENA_OLKM01000512_OLKM01000512.1_141249",16
"547","ENA_OLKM01000857_OLKM01000857.1_162434",16
"548","ENA_OLKM01000931_OLKM01000931.1_127081",16
"549","ENA_OLKM01002021_OLKM01002021.1_5280",16
"550","ENA_OLKM01003074_OLKM01003074.1_21458",16
"551","ENA_OLKM01003646_OLKM01003646.1_23780",16
"552","ENA_OLKM01004032_OLKM01004032.1_21162",16
"553","ENA_OLKM01004396_OLKM01004396.1_22481",16
"554","ENA_OLKM01000016_OLKM01000016.1_356426",15
"555","ENA_OLKM01000041_OLKM01000041.1_157040",15
"556","ENA_OLKM01000073_OLKM01000073.1_426009",15
"557","ENA_OLKM01000102_OLKM01000102.1_234179",15
"558","ENA_OLKM01000116_OLKM01000116.1_306715",15
"559","ENA_OLKM01000119_OLKM01000119.1_537690",15
"560","ENA_OLKM01000131_OLKM01000131.1_385418",15
"561","ENA_OLKM01000142_OLKM01000142.1_249522",15
"562","ENA_OLKM01000223_OLKM01000223.1_164752",15
"563","ENA_OLKM01000468_OLKM01000468.1_268959",15
"564","ENA_OLKM01000517_OLKM01000517.1_276184",15
"565","ENA_OLKM01000741_OLKM01000741.1_219543",15
"566","ENA_OLKM01001339_OLKM01001339.1_63620",15
"567","ENA_OLKM01001416_OLKM01001416.1_87351",15
"568","ENA_OLKM01002668_OLKM01002668.1_18112",15
"569","ENA_OLKM01004198_OLKM01004198.1_170",15
"570","ENA_OLKM01004954_OLKM01004954.1_5853",15
"571","ENA_OLKM01000034_OLKM01000034.1_686568",14
"572","ENA_OLKM01000302_OLKM01000302.1_294415",14
"573","ENA_OLKM01000348_OLKM01000348.1_206934",14
"574","ENA_OLKM01000455_OLKM01000455.1_253618",14
"575","ENA_OLKM01000455_OLKM01000455.1_272855",14
"576","ENA_OLKM01001092_OLKM01001092.1_128948",14
"577","ENA_OLKM01001158_OLKM01001158.1_55194",14
"578","ENA_OLKM01001408_OLKM01001408.1_121284",14
"579","ENA_OLKM01001522_OLKM01001522.1_109166",14
"580","ENA_OLKM01001573_OLKM01001573.1_29991",14
"581","ENA_OLKM01002125_OLKM01002125.1_8049",14
"582","ENA_OLKM01002346_OLKM01002346.1_36368",14
"583","ENA_OLKM01002372_OLKM01002372.1_67287",14
"584","ENA_OLKM01003074_OLKM01003074.1_19806",14
"585","ENA_OLKM01004987_OLKM01004987.1_6349",14
"586","ENA_OLKM01005523_OLKM01005523.1_6831",14
"587","ENA_OLKM01006484_OLKM01006484.1_3660",14
"588","ENA_OLKM01007477_OLKM01007477.1_5818",14
"589","ENA_OLKM01000051_OLKM01000051.1_227356",13
"590","ENA_OLKM01000118_OLKM01000118.1_90414",13
"591","ENA_OLKM01000157_OLKM01000157.1_95429",13
"592","ENA_OLKM01000342_OLKM01000342.1_193485",13
"593","ENA_OLKM01000454_OLKM01000454.1_204116",13
"594","ENA_OLKM01000679_OLKM01000679.1_240389",13
"595","ENA_OLKM01000914_OLKM01000914.1_66348",13
"596","ENA_OLKM01001595_OLKM01001595.1_98402",13
"597","ENA_OLKM01002783_OLKM01002783.1_41738",13
"598","ENA_OLKM01000023_OLKM01000023.1_558481",12
"599","ENA_OLKM01000062_OLKM01000062.1_41157",12
"600","ENA_OLKM01000074_OLKM01000074.1_79852",12
"601","ENA_OLKM01000168_OLKM01000168.1_359412",12
"602","ENA_OLKM01000386_OLKM01000386.1_156302",12
"603","ENA_OLKM01000402_OLKM01000402.1_84701",12
"604","ENA_OLKM01000512_OLKM01000512.1_174673",12
"605","ENA_OLKM01000759_OLKM01000759.1_148458",12
"606","ENA_OLKM01001152_OLKM01001152.1_27879",12
"607","ENA_OLKM01001153_OLKM01001153.1_64273",12
"608","ENA_OLKM01001652_OLKM01001652.1_91341",12
"609","ENA_OLKM01002009_OLKM01002009.1_55597",12
"610","ENA_OLKM01002111_OLKM01002111.1_19874",12
"611","ENA_OLKM01002193_OLKM01002193.1_50067",12
"612","ENA_OLKM01002695_OLKM01002695.1_41061",12
"613","ENA_OLKM01002936_OLKM01002936.1_9065",12
"614","ENA_OLKM01003131_OLKM01003131.1_18993",12
"615","ENA_OLKM01003387_OLKM01003387.1_8867",12
"616","ENA_OLKM01006686_OLKM01006686.1_2690",12
"617","ENA_OLKM01007176_OLKM01007176.1_2604",12
"618","ENA_OLKM01007403_OLKM01007403.1_1186",12
"619","ENA_OLKM01008046_OLKM01008046.1_4200",12
"620","ENA_OLKM01000167_OLKM01000167.1_408891",11
"621","ENA_OLKM01000233_OLKM01000233.1_105390",11
"622","ENA_OLKM01000264_OLKM01000264.1_262192",11
"623","ENA_OLKM01000407_OLKM01000407.1_174234",11
"624","ENA_OLKM01000429_OLKM01000429.1_146443",11
"625","ENA_OLKM01000490_OLKM01000490.1_286512",11
"626","ENA_OLKM01000687_OLKM01000687.1_240258",11
"627","ENA_OLKM01000748_OLKM01000748.1_95080",11
"628","ENA_OLKM01000883_OLKM01000883.1_141886",11
"629","ENA_OLKM01001024_OLKM01001024.1_58762",11
"630","ENA_OLKM01001351_OLKM01001351.1_71194",11
"631","ENA_OLKM01001474_OLKM01001474.1_39148",11
"632","ENA_OLKM01001482_OLKM01001482.1_77247",11
"633","ENA_OLKM01002715_OLKM01002715.1_39669",11
"634","ENA_OLKM01003042_OLKM01003042.1_44062",11
"635","ENA_OLKM01003581_OLKM01003581.1_24871",11
"636","ENA_OLKM01003633_OLKM01003633.1_9131",11
"637","ENA_OLKM01005679_OLKM01005679.1_2400",11
"638","ENA_OLKM01005727_OLKM01005727.1_7012",11
"639","ENA_OLKM01006422_OLKM01006422.1_4862",11
"640","ENA_OLKM01007477_OLKM01007477.1_6092",11
"641","ENA_OLKM01000002_OLKM01000002.1_765596",10
"642","ENA_OLKM01000035_OLKM01000035.1_567819",10
"643","ENA_OLKM01000038_OLKM01000038.1_173339",10
"644","ENA_OLKM01000118_OLKM01000118.1_454004",10
"645","ENA_OLKM01000211_OLKM01000211.1_431008",10
"646","ENA_OLKM01000406_OLKM01000406.1_145470",10
"647","ENA_OLKM01000454_OLKM01000454.1_204275",10
"648","ENA_OLKM01000529_OLKM01000529.1_113518",10
"649","ENA_OLKM01000676_OLKM01000676.1_135865",10
"650","ENA_OLKM01000711_OLKM01000711.1_52544",10
"651","ENA_OLKM01000893_OLKM01000893.1_98212",10
"652","ENA_OLKM01000997_OLKM01000997.1_110192",10
"653","ENA_OLKM01001005_OLKM01001005.1_52900",10
"654","ENA_OLKM01001025_OLKM01001025.1_19404",10
"655","ENA_OLKM01001607_OLKM01001607.1_61420",10
"656","ENA_OLKM01002367_OLKM01002367.1_28546",10
"657","ENA_OLKM01003014_OLKM01003014.1_10089",10
"658","ENA_OLKM01005235_OLKM01005235.1_10095",10
"659","ENA_OLKM01006484_OLKM01006484.1_3067",10
"660","ENA_OLKM01007104_OLKM01007104.1_6273",10
"661","ENA_OLKM01000043_OLKM01000043.1_579402",9
"662","ENA_OLKM01000056_OLKM01000056.1_256497",9
"663","ENA_OLKM01000150_OLKM01000150.1_277266",9
"664","ENA_OLKM01000324_OLKM01000324.1_342004",9
"665","ENA_OLKM01000671_OLKM01000671.1_167026",9
"666","ENA_OLKM01000868_OLKM01000868.1_115083",9
"667","ENA_OLKM01001020_OLKM01001020.1_154897",9
"668","ENA_OLKM01001134_OLKM01001134.1_85354",9
"669","ENA_OLKM01001318_OLKM01001318.1_60584",9
"670","ENA_OLKM01001472_OLKM01001472.1_81048",9
"671","ENA_OLKM01001652_OLKM01001652.1_91305",9
"672","ENA_OLKM01002021_OLKM01002021.1_5220",9
"673","ENA_OLKM01002296_OLKM01002296.1_28431",9
"674","ENA_OLKM01003916_OLKM01003916.1_18458",9
"675","ENA_OLKM01003981_OLKM01003981.1_21473",9
"676","ENA_OLKM01004787_OLKM01004787.1_5900",9
"677","ENA_OLKM01006865_OLKM01006865.1_2306",9
"678","ENA_OLKM01000004_OLKM01000004.1_657384",8
"679","ENA_OLKM01000060_OLKM01000060.1_456718",8
"680","ENA_OLKM01000060_OLKM01000060.1_456989",8
"681","ENA_OLKM01000166_OLKM01000166.1_145453",8
"682","ENA_OLKM01000169_OLKM01000169.1_95451",8
"683","ENA_OLKM01000184_OLKM01000184.1_359752",8
"684","ENA_OLKM01000200_OLKM01000200.1_8252",8
"685","ENA_OLKM01000232_OLKM01000232.1_324254",8
"686","ENA_OLKM01000256_OLKM01000256.1_282111",8
"687","ENA_OLKM01000289_OLKM01000289.1_346999",8
"688","ENA_OLKM01000316_OLKM01000316.1_166605",8
"689","ENA_OLKM01000325_OLKM01000325.1_132297",8
"690","ENA_OLKM01000372_OLKM01000372.1_196413",8
"691","ENA_OLKM01000449_OLKM01000449.1_233567",8
"692","ENA_OLKM01000497_OLKM01000497.1_190515",8
"693","ENA_OLKM01000632_OLKM01000632.1_100210",8
"694","ENA_OLKM01000722_OLKM01000722.1_83221",8
"695","ENA_OLKM01001156_OLKM01001156.1_40357",8
"696","ENA_OLKM01001214_OLKM01001214.1_14776",8
"697","ENA_OLKM01001258_OLKM01001258.1_5324",8
"698","ENA_OLKM01001392_OLKM01001392.1_117829",8
"699","ENA_OLKM01001430_OLKM01001430.1_18802",8
"700","ENA_OLKM01001646_OLKM01001646.1_101121",8
"701","ENA_OLKM01001752_OLKM01001752.1_54326",8
"702","ENA_OLKM01001884_OLKM01001884.1_75447",8
"703","ENA_OLKM01002936_OLKM01002936.1_10774",8
"704","ENA_OLKM01006204_OLKM01006204.1_2987",8
"705","ENA_OLKM01007279_OLKM01007279.1_1925",8
"706","ENA_OLKM01007286_OLKM01007286.1_1607",8
"707","ENA_OLKM01007576_OLKM01007576.1_395",8
"708","ENA_OLKM01000008_OLKM01000008.1_362184",7
"709","ENA_OLKM01000016_OLKM01000016.1_133347",7
"710","ENA_OLKM01000041_OLKM01000041.1_158273",7
"711","ENA_OLKM01000100_OLKM01000100.1_398738",7
"712","ENA_OLKM01000102_OLKM01000102.1_300495",7
"713","ENA_OLKM01000152_OLKM01000152.1_58030",7
"714","ENA_OLKM01000246_OLKM01000246.1_226938",7
"715","ENA_OLKM01000386_OLKM01000386.1_156100",7
"716","ENA_OLKM01000386_OLKM01000386.1_156536",7
"717","ENA_OLKM01000391_OLKM01000391.1_126208",7
"718","ENA_OLKM01000439_OLKM01000439.1_55432",7
"719","ENA_OLKM01000450_OLKM01000450.1_58915",7
"720","ENA_OLKM01000454_OLKM01000454.1_204020",7
"721","ENA_OLKM01000626_OLKM01000626.1_222973",7
"722","ENA_OLKM01000843_OLKM01000843.1_74747",7
"723","ENA_OLKM01000875_OLKM01000875.1_76021",7
"724","ENA_OLKM01000913_OLKM01000913.1_118491",7
"725","ENA_OLKM01001074_OLKM01001074.1_130288",7
"726","ENA_OLKM01001162_OLKM01001162.1_17764",7
"727","ENA_OLKM01001225_OLKM01001225.1_90548",7
"728","ENA_OLKM01001577_OLKM01001577.1_51854",7
"729","ENA_OLKM01001607_OLKM01001607.1_44580",7
"730","ENA_OLKM01001607_OLKM01001607.1_58240",7
"731","ENA_OLKM01001607_OLKM01001607.1_60845",7
"732","ENA_OLKM01001722_OLKM01001722.1_15923",7
"733","ENA_OLKM01002199_OLKM01002199.1_16752",7
"734","ENA_OLKM01003529_OLKM01003529.1_17176",7
"735","ENA_OLKM01004575_OLKM01004575.1_12255",7
"736","ENA_OLKM01006164_OLKM01006164.1_3085",7
"737","ENA_OLKM01000113_OLKM01000113.1_204060",6
"738","ENA_OLKM01000142_OLKM01000142.1_383787",6
"739","ENA_OLKM01000165_OLKM01000165.1_151085",6
"740","ENA_OLKM01000221_OLKM01000221.1_428288",6
"741","ENA_OLKM01000230_OLKM01000230.1_140366",6
"742","ENA_OLKM01000286_OLKM01000286.1_27747",6
"743","ENA_OLKM01000290_OLKM01000290.1_48864",6
"744","ENA_OLKM01000303_OLKM01000303.1_305376",6
"745","ENA_OLKM01000308_OLKM01000308.1_203661",6
"746","ENA_OLKM01000313_OLKM01000313.1_314144",6
"747","ENA_OLKM01000318_OLKM01000318.1_35808",6
"748","ENA_OLKM01000380_OLKM01000380.1_110691",6
"749","ENA_OLKM01000415_OLKM01000415.1_74981",6
"750","ENA_OLKM01000419_OLKM01000419.1_158988",6
"751","ENA_OLKM01000483_OLKM01000483.1_258252",6
"752","ENA_OLKM01000483_OLKM01000483.1_66279",6
"753","ENA_OLKM01000499_OLKM01000499.1_128922",6
"754","ENA_OLKM01000507_OLKM01000507.1_191067",6
"755","ENA_OLKM01000537_OLKM01000537.1_227370",6
"756","ENA_OLKM01000777_OLKM01000777.1_217102",6
"757","ENA_OLKM01000914_OLKM01000914.1_154046",6
"758","ENA_OLKM01000961_OLKM01000961.1_160408",6
"759","ENA_OLKM01001020_OLKM01001020.1_154844",6
"760","ENA_OLKM01001100_OLKM01001100.1_51064",6
"761","ENA_OLKM01001262_OLKM01001262.1_117715",6
"762","ENA_OLKM01001701_OLKM01001701.1_39317",6
"763","ENA_OLKM01002041_OLKM01002041.1_45388",6
"764","ENA_OLKM01002081_OLKM01002081.1_29511",6
"765","ENA_OLKM01002214_OLKM01002214.1_30364",6
"766","ENA_OLKM01002365_OLKM01002365.1_21881",6
"767","ENA_OLKM01002486_OLKM01002486.1_63194",6
"768","ENA_OLKM01003581_OLKM01003581.1_27891",6
"769","ENA_OLKM01004810_OLKM01004810.1_7677",6
"770","ENA_OLKM01004954_OLKM01004954.1_5490",6
"771","ENA_OLKM01005523_OLKM01005523.1_10883",6
"772","ENA_OLKM01005741_OLKM01005741.1_12095",6
"773","ENA_OLKM01000011_OLKM01000011.1_326144",5
"774","ENA_OLKM01000012_OLKM01000012.1_925621",5
"775","ENA_OLKM01000051_OLKM01000051.1_489076",5
"776","ENA_OLKM01000060_OLKM01000060.1_57414",5
"777","ENA_OLKM01000064_OLKM01000064.1_20719",5
"778","ENA_OLKM01000071_OLKM01000071.1_59105",5
"779","ENA_OLKM01000098_OLKM01000098.1_266627",5
"780","ENA_OLKM01000115_OLKM01000115.1_539882",5
"781","ENA_OLKM01000119_OLKM01000119.1_163382",5
"782","ENA_OLKM01000142_OLKM01000142.1_396581",5
"783","ENA_OLKM01000143_OLKM01000143.1_279951",5
"784","ENA_OLKM01000176_OLKM01000176.1_24367",5
"785","ENA_OLKM01000211_OLKM01000211.1_433547",5
"786","ENA_OLKM01000241_OLKM01000241.1_131925",5
"787","ENA_OLKM01000326_OLKM01000326.1_182756",5
"788","ENA_OLKM01000383_OLKM01000383.1_151628",5
"789","ENA_OLKM01000385_OLKM01000385.1_153468",5
"790","ENA_OLKM01000386_OLKM01000386.1_40756",5
"791","ENA_OLKM01000455_OLKM01000455.1_187482",5
"792","ENA_OLKM01000582_OLKM01000582.1_134354",5
"793","ENA_OLKM01000622_OLKM01000622.1_115101",5
"794","ENA_OLKM01000633_OLKM01000633.1_56570",5
"795","ENA_OLKM01000714_OLKM01000714.1_121084",5
"796","ENA_OLKM01000833_OLKM01000833.1_31364",5
"797","ENA_OLKM01000871_OLKM01000871.1_31622",5
"798","ENA_OLKM01000871_OLKM01000871.1_31626",5
"799","ENA_OLKM01000873_OLKM01000873.1_118075",5
"800","ENA_OLKM01000949_OLKM01000949.1_45293",5
"801","ENA_OLKM01001152_OLKM01001152.1_27857",5
"802","ENA_OLKM01001496_OLKM01001496.1_118790",5
"803","ENA_OLKM01001840_OLKM01001840.1_48071",5
"804","ENA_OLKM01001868_OLKM01001868.1_90169",5
"805","ENA_OLKM01001870_OLKM01001870.1_29471",5
"806","ENA_OLKM01001971_OLKM01001971.1_20810",5
"807","ENA_OLKM01002001_OLKM01002001.1_59408",5
"808","ENA_OLKM01002021_OLKM01002021.1_5253",5
"809","ENA_OLKM01002313_OLKM01002313.1_56778",5
"810","ENA_OLKM01002416_OLKM01002416.1_30589",5
"811","ENA_OLKM01003622_OLKM01003622.1_24265",5
"812","ENA_OLKM01003915_OLKM01003915.1_12521",5
"813","ENA_OLKM01004275_OLKM01004275.1_9879",5
"814","ENA_OLKM01005607_OLKM01005607.1_5079",5
"815","ENA_OLKM01007263_OLKM01007263.1_2052",5
"816","ENA_OLKM01000039_OLKM01000039.1_370233",4
"817","ENA_OLKM01000039_OLKM01000039.1_651415",4
"818","ENA_OLKM01000084_OLKM01000084.1_546576",4
"819","ENA_OLKM01000136_OLKM01000136.1_11385",4
"820","ENA_OLKM01000168_OLKM01000168.1_267178",4
"821","ENA_OLKM01000215_OLKM01000215.1_111989",4
"822","ENA_OLKM01000222_OLKM01000222.1_253379",4
"823","ENA_OLKM01000271_OLKM01000271.1_125213",4
"824","ENA_OLKM01000282_OLKM01000282.1_268232",4
"825","ENA_OLKM01000282_OLKM01000282.1_64010",4
"826","ENA_OLKM01000286_OLKM01000286.1_27742",4
"827","ENA_OLKM01000368_OLKM01000368.1_311658",4
"828","ENA_OLKM01000388_OLKM01000388.1_321448",4
"829","ENA_OLKM01000391_OLKM01000391.1_86416",4
"830","ENA_OLKM01000398_OLKM01000398.1_149931",4
"831","ENA_OLKM01000479_OLKM01000479.1_118157",4
"832","ENA_OLKM01000486_OLKM01000486.1_270579",4
"833","ENA_OLKM01000491_OLKM01000491.1_140132",4
"834","ENA_OLKM01000511_OLKM01000511.1_241204",4
"835","ENA_OLKM01000542_OLKM01000542.1_56705",4
"836","ENA_OLKM01000618_OLKM01000618.1_82783",4
"837","ENA_OLKM01000674_OLKM01000674.1_139265",4
"838","ENA_OLKM01000686_OLKM01000686.1_103009",4
"839","ENA_OLKM01000924_OLKM01000924.1_78391",4
"840","ENA_OLKM01001037_OLKM01001037.1_37346",4
"841","ENA_OLKM01001277_OLKM01001277.1_32098",4
"842","ENA_OLKM01001477_OLKM01001477.1_116294",4
"843","ENA_OLKM01001478_OLKM01001478.1_98137",4
"844","ENA_OLKM01001504_OLKM01001504.1_45799",4
"845","ENA_OLKM01001522_OLKM01001522.1_109387",4
"846","ENA_OLKM01001614_OLKM01001614.1_95256",4
"847","ENA_OLKM01001762_OLKM01001762.1_12918",4
"848","ENA_OLKM01002041_OLKM01002041.1_49046",4
"849","ENA_OLKM01002052_OLKM01002052.1_8724",4
"850","ENA_OLKM01002115_OLKM01002115.1_67871",4
"851","ENA_OLKM01002119_OLKM01002119.1_25927",4
"852","ENA_OLKM01002367_OLKM01002367.1_33955",4
"853","ENA_OLKM01002406_OLKM01002406.1_45338",4
"854","ENA_OLKM01002409_OLKM01002409.1_33630",4
"855","ENA_OLKM01002655_OLKM01002655.1_17437",4
"856","ENA_OLKM01003130_OLKM01003130.1_23713",4
"857","ENA_OLKM01003886_OLKM01003886.1_5603",4
"858","ENA_OLKM01004201_OLKM01004201.1_11430",4
"859","ENA_OLKM01005161_OLKM01005161.1_3679",4
"860","ENA_OLKM01006158_OLKM01006158.1_6379",4
"861","ENA_OLKM01006484_OLKM01006484.1_3294",4
"862","ENA_OLKM01007456_OLKM01007456.1_2503",4
"863","ENA_OLKM01000011_OLKM01000011.1_695034",3
"864","ENA_OLKM01000039_OLKM01000039.1_254208",3
"865","ENA_OLKM01000044_OLKM01000044.1_680359",3
"866","ENA_OLKM01000061_OLKM01000061.1_542094",3
"867","ENA_OLKM01000079_OLKM01000079.1_157793",3
"868","ENA_OLKM01000105_OLKM01000105.1_67204",3
"869","ENA_OLKM01000107_OLKM01000107.1_545315",3
"870","ENA_OLKM01000125_OLKM01000125.1_453596",3
"871","ENA_OLKM01000142_OLKM01000142.1_383782",3
"872","ENA_OLKM01000172_OLKM01000172.1_444661",3
"873","ENA_OLKM01000198_OLKM01000198.1_330964",3
"874","ENA_OLKM01000207_OLKM01000207.1_145790",3
"875","ENA_OLKM01000234_OLKM01000234.1_261399",3
"876","ENA_OLKM01000299_OLKM01000299.1_40953",3
"877","ENA_OLKM01000301_OLKM01000301.1_191137",3
"878","ENA_OLKM01000305_OLKM01000305.1_142131",3
"879","ENA_OLKM01000308_OLKM01000308.1_323519",3
"880","ENA_OLKM01000317_OLKM01000317.1_343887",3
"881","ENA_OLKM01000341_OLKM01000341.1_273822",3
"882","ENA_OLKM01000369_OLKM01000369.1_113670",3
"883","ENA_OLKM01000378_OLKM01000378.1_76781",3
"884","ENA_OLKM01000380_OLKM01000380.1_110702",3
"885","ENA_OLKM01000391_OLKM01000391.1_86336",3
"886","ENA_OLKM01000395_OLKM01000395.1_147634",3
"887","ENA_OLKM01000410_OLKM01000410.1_178151",3
"888","ENA_OLKM01000418_OLKM01000418.1_242649",3
"889","ENA_OLKM01000429_OLKM01000429.1_115951",3
"890","ENA_OLKM01000453_OLKM01000453.1_279057",3
"891","ENA_OLKM01000475_OLKM01000475.1_240554",3
"892","ENA_OLKM01000518_OLKM01000518.1_36391",3
"893","ENA_OLKM01000604_OLKM01000604.1_217032",3
"894","ENA_OLKM01000628_OLKM01000628.1_89232",3
"895","ENA_OLKM01000647_OLKM01000647.1_209186",3
"896","ENA_OLKM01000648_OLKM01000648.1_137120",3
"897","ENA_OLKM01000672_OLKM01000672.1_124920",3
"898","ENA_OLKM01000714_OLKM01000714.1_48360",3
"899","ENA_OLKM01000745_OLKM01000745.1_9231",3
"900","ENA_OLKM01000751_OLKM01000751.1_212372",3
"901","ENA_OLKM01000790_OLKM01000790.1_182484",3
"902","ENA_OLKM01000812_OLKM01000812.1_195728",3
"903","ENA_OLKM01000822_OLKM01000822.1_32794",3
"904","ENA_OLKM01000826_OLKM01000826.1_178422",3
"905","ENA_OLKM01000829_OLKM01000829.1_54293",3
"906","ENA_OLKM01000884_OLKM01000884.1_13338",3
"907","ENA_OLKM01000948_OLKM01000948.1_39753",3
"908","ENA_OLKM01000968_OLKM01000968.1_103067",3
"909","ENA_OLKM01001061_OLKM01001061.1_66624",3
"910","ENA_OLKM01001072_OLKM01001072.1_100964",3
"911","ENA_OLKM01001117_OLKM01001117.1_54053",3
"912","ENA_OLKM01001202_OLKM01001202.1_43925",3
"913","ENA_OLKM01001221_OLKM01001221.1_37874",3
"914","ENA_OLKM01001299_OLKM01001299.1_10147",3
"915","ENA_OLKM01001373_OLKM01001373.1_105627",3
"916","ENA_OLKM01001399_OLKM01001399.1_18166",3
"917","ENA_OLKM01001564_OLKM01001564.1_109517",3
"918","ENA_OLKM01001565_OLKM01001565.1_99289",3
"919","ENA_OLKM01001652_OLKM01001652.1_91444",3
"920","ENA_OLKM01001712_OLKM01001712.1_84590",3
"921","ENA_OLKM01001919_OLKM01001919.1_33492",3
"922","ENA_OLKM01002101_OLKM01002101.1_3269",3
"923","ENA_OLKM01002160_OLKM01002160.1_28986",3
"924","ENA_OLKM01002278_OLKM01002278.1_37834",3
"925","ENA_OLKM01002367_OLKM01002367.1_28522",3
"926","ENA_OLKM01002367_OLKM01002367.1_28528",3
"927","ENA_OLKM01002434_OLKM01002434.1_49094",3
"928","ENA_OLKM01002595_OLKM01002595.1_40550",3
"929","ENA_OLKM01002706_OLKM01002706.1_17781",3
"930","ENA_OLKM01002947_OLKM01002947.1_12294",3
"931","ENA_OLKM01003483_OLKM01003483.1_26274",3
"932","ENA_OLKM01003527_OLKM01003527.1_12095",3
"933","ENA_OLKM01004105_OLKM01004105.1_15106",3
"934","ENA_OLKM01005373_OLKM01005373.1_13558",3
"935","ENA_OLKM01006321_OLKM01006321.1_6996",3
"936","ENA_OLKM01006384_OLKM01006384.1_2431",3
"937","ENA_OLKM01006422_OLKM01006422.1_832",3
"938","ENA_OLKM01006744_OLKM01006744.1_9721",3
"939","ENA_OLKM01007349_OLKM01007349.1_3748",3
"940","ENA_OLKM01008230_OLKM01008230.1_4010",3
"941","ENA_OLKM01000003_OLKM01000003.1_37882",2
"942","ENA_OLKM01000006_OLKM01000006.1_256931",2
"943","ENA_OLKM01000012_OLKM01000012.1_886996",2
"944","ENA_OLKM01000015_OLKM01000015.1_293025",2
"945","ENA_OLKM01000017_OLKM01000017.1_382869",2
"946","ENA_OLKM01000019_OLKM01000019.1_566244",2
"947","ENA_OLKM01000028_OLKM01000028.1_291700",2
"948","ENA_OLKM01000038_OLKM01000038.1_683278",2
"949","ENA_OLKM01000044_OLKM01000044.1_462727",2
"950","ENA_OLKM01000058_OLKM01000058.1_511358",2
"951","ENA_OLKM01000058_OLKM01000058.1_548043",2
"952","ENA_OLKM01000064_OLKM01000064.1_20726",2
"953","ENA_OLKM01000072_OLKM01000072.1_301945",2
"954","ENA_OLKM01000074_OLKM01000074.1_300853",2
"955","ENA_OLKM01000074_OLKM01000074.1_391374",2
"956","ENA_OLKM01000079_OLKM01000079.1_157814",2
"957","ENA_OLKM01000087_OLKM01000087.1_68706",2
"958","ENA_OLKM01000089_OLKM01000089.1_555739",2
"959","ENA_OLKM01000092_OLKM01000092.1_577098",2
"960","ENA_OLKM01000107_OLKM01000107.1_144695",2
"961","ENA_OLKM01000107_OLKM01000107.1_330631",2
"962","ENA_OLKM01000107_OLKM01000107.1_357646",2
"963","ENA_OLKM01000110_OLKM01000110.1_204923",2
"964","ENA_OLKM01000116_OLKM01000116.1_31182",2
"965","ENA_OLKM01000119_OLKM01000119.1_450364",2
"966","ENA_OLKM01000136_OLKM01000136.1_392208",2
"967","ENA_OLKM01000150_OLKM01000150.1_78480",2
"968","ENA_OLKM01000160_OLKM01000160.1_270877",2
"969","ENA_OLKM01000170_OLKM01000170.1_236128",2
"970","ENA_OLKM01000181_OLKM01000181.1_434816",2
"971","ENA_OLKM01000199_OLKM01000199.1_273605",2
"972","ENA_OLKM01000203_OLKM01000203.1_218779",2
"973","ENA_OLKM01000227_OLKM01000227.1_140938",2
"974","ENA_OLKM01000244_OLKM01000244.1_278256",2
"975","ENA_OLKM01000255_OLKM01000255.1_95106",2
"976","ENA_OLKM01000271_OLKM01000271.1_189375",2
"977","ENA_OLKM01000285_OLKM01000285.1_42456",2
"978","ENA_OLKM01000287_OLKM01000287.1_136764",2
"979","ENA_OLKM01000301_OLKM01000301.1_191004",2
"980","ENA_OLKM01000309_OLKM01000309.1_345110",2
"981","ENA_OLKM01000324_OLKM01000324.1_342102",2
"982","ENA_OLKM01000335_OLKM01000335.1_108220",2
"983","ENA_OLKM01000358_OLKM01000358.1_276917",2
"984","ENA_OLKM01000379_OLKM01000379.1_201629",2
"985","ENA_OLKM01000379_OLKM01000379.1_21374",2
"986","ENA_OLKM01000386_OLKM01000386.1_40816",2
"987","ENA_OLKM01000386_OLKM01000386.1_40823",2
"988","ENA_OLKM01000386_OLKM01000386.1_52665",2
"989","ENA_OLKM01000398_OLKM01000398.1_42759",2
"990","ENA_OLKM01000469_OLKM01000469.1_144306",2
"991","ENA_OLKM01000494_OLKM01000494.1_197554",2
"992","ENA_OLKM01000505_OLKM01000505.1_232413",2
"993","ENA_OLKM01000529_OLKM01000529.1_204951",2
"994","ENA_OLKM01000541_OLKM01000541.1_159126",2
"995","ENA_OLKM01000569_OLKM01000569.1_1558",2
"996","ENA_OLKM01000639_OLKM01000639.1_81919",2
"997","ENA_OLKM01000648_OLKM01000648.1_137116",2
"998","ENA_OLKM01000648_OLKM01000648.1_137285",2
"999","ENA_OLKM01000653_OLKM01000653.1_65164",2
"1000","ENA_OLKM01000671_OLKM01000671.1_166966",2
"1001","ENA_OLKM01000673_OLKM01000673.1_119166",2
"1002","ENA_OLKM01000720_OLKM01000720.1_132906",2
"1003","ENA_OLKM01000731_OLKM01000731.1_145998",2
"1004","ENA_OLKM01000778_OLKM01000778.1_39870",2
"1005","ENA_OLKM01000778_OLKM01000778.1_41850",2
"1006","ENA_OLKM01000778_OLKM01000778.1_79516",2
"1007","ENA_OLKM01000824_OLKM01000824.1_109235",2
"1008","ENA_OLKM01000899_OLKM01000899.1_96561",2
"1009","ENA_OLKM01000910_OLKM01000910.1_182084",2
"1010","ENA_OLKM01000914_OLKM01000914.1_51293",2
"1011","ENA_OLKM01000948_OLKM01000948.1_17917",2
"1012","ENA_OLKM01000970_OLKM01000970.1_76667",2
"1013","ENA_OLKM01000991_OLKM01000991.1_103663",2
"1014","ENA_OLKM01000999_OLKM01000999.1_150666",2
"1015","ENA_OLKM01001005_OLKM01001005.1_30653",2
"1016","ENA_OLKM01001016_OLKM01001016.1_95280",2
"1017","ENA_OLKM01001016_OLKM01001016.1_99530",2
"1018","ENA_OLKM01001017_OLKM01001017.1_50863",2
"1019","ENA_OLKM01001032_OLKM01001032.1_37248",2
"1020","ENA_OLKM01001036_OLKM01001036.1_19348",2
"1021","ENA_OLKM01001039_OLKM01001039.1_51387",2
"1022","ENA_OLKM01001081_OLKM01001081.1_19767",2
"1023","ENA_OLKM01001086_OLKM01001086.1_124649",2
"1024","ENA_OLKM01001129_OLKM01001129.1_126428",2
"1025","ENA_OLKM01001182_OLKM01001182.1_79843",2
"1026","ENA_OLKM01001265_OLKM01001265.1_23181",2
"1027","ENA_OLKM01001265_OLKM01001265.1_23353",2
"1028","ENA_OLKM01001277_OLKM01001277.1_6595",2
"1029","ENA_OLKM01001306_OLKM01001306.1_34907",2
"1030","ENA_OLKM01001318_OLKM01001318.1_60630",2
"1031","ENA_OLKM01001331_OLKM01001331.1_44691",2
"1032","ENA_OLKM01001336_OLKM01001336.1_55812",2
"1033","ENA_OLKM01001349_OLKM01001349.1_107404",2
"1034","ENA_OLKM01001417_OLKM01001417.1_73296",2
"1035","ENA_OLKM01001431_OLKM01001431.1_117580",2
"1036","ENA_OLKM01001432_OLKM01001432.1_33503",2
"1037","ENA_OLKM01001526_OLKM01001526.1_74314",2
"1038","ENA_OLKM01001537_OLKM01001537.1_7067",2
"1039","ENA_OLKM01001564_OLKM01001564.1_94003",2
"1040","ENA_OLKM01001565_OLKM01001565.1_29626",2
"1041","ENA_OLKM01001577_OLKM01001577.1_46215",2
"1042","ENA_OLKM01001627_OLKM01001627.1_51632",2
"1043","ENA_OLKM01001700_OLKM01001700.1_48207",2
"1044","ENA_OLKM01001738_OLKM01001738.1_45004",2
"1045","ENA_OLKM01001858_OLKM01001858.1_32634",2
"1046","ENA_OLKM01002111_OLKM01002111.1_20001",2
"1047","ENA_OLKM01002136_OLKM01002136.1_50868",2
"1048","ENA_OLKM01002136_OLKM01002136.1_50875",2
"1049","ENA_OLKM01002265_OLKM01002265.1_15918",2
"1050","ENA_OLKM01002423_OLKM01002423.1_69456",2
"1051","ENA_OLKM01002499_OLKM01002499.1_38395",2
"1052","ENA_OLKM01002695_OLKM01002695.1_30820",2
"1053","ENA_OLKM01002715_OLKM01002715.1_28730",2
"1054","ENA_OLKM01002936_OLKM01002936.1_9443",2
"1055","ENA_OLKM01003226_OLKM01003226.1_23513",2
"1056","ENA_OLKM01003728_OLKM01003728.1_16059",2
"1057","ENA_OLKM01004331_OLKM01004331.1_6073",2
"1058","ENA_OLKM01004811_OLKM01004811.1_1655",2
"1059","ENA_OLKM01004854_OLKM01004854.1_1377",2
"1060","ENA_OLKM01005523_OLKM01005523.1_8065",2
"1061","ENA_OLKM01006158_OLKM01006158.1_6306",2
"1062","ENA_OLKM01006164_OLKM01006164.1_10106",2
"1063","ENA_OLKM01006232_OLKM01006232.1_1800",2
"1064","ENA_OLKM01008046_OLKM01008046.1_8315",2
"1065","ENA_OLKM01000001_OLKM01000001.1_1544834",1
"1066","ENA_OLKM01000006_OLKM01000006.1_1007547",1
"1067","ENA_OLKM01000006_OLKM01000006.1_1133810",1
"1068","ENA_OLKM01000006_OLKM01000006.1_320134",1
"1069","ENA_OLKM01000012_OLKM01000012.1_925674",1
"1070","ENA_OLKM01000016_OLKM01000016.1_447569",1
"1071","ENA_OLKM01000024_OLKM01000024.1_263495",1
"1072","ENA_OLKM01000032_OLKM01000032.1_178148",1
"1073","ENA_OLKM01000039_OLKM01000039.1_553676",1
"1074","ENA_OLKM01000041_OLKM01000041.1_249996",1
"1075","ENA_OLKM01000042_OLKM01000042.1_485576",1
"1076","ENA_OLKM01000043_OLKM01000043.1_579378",1
"1077","ENA_OLKM01000049_OLKM01000049.1_131679",1
"1078","ENA_OLKM01000053_OLKM01000053.1_52013",1
"1079","ENA_OLKM01000057_OLKM01000057.1_183576",1
"1080","ENA_OLKM01000060_OLKM01000060.1_298850",1
"1081","ENA_OLKM01000071_OLKM01000071.1_134409",1
"1082","ENA_OLKM01000074_OLKM01000074.1_238728",1
"1083","ENA_OLKM01000078_OLKM01000078.1_219359",1
"1084","ENA_OLKM01000087_OLKM01000087.1_97393",1
"1085","ENA_OLKM01000088_OLKM01000088.1_338239",1
"1086","ENA_OLKM01000092_OLKM01000092.1_269670",1
"1087","ENA_OLKM01000093_OLKM01000093.1_500297",1
"1088","ENA_OLKM01000099_OLKM01000099.1_105404",1
"1089","ENA_OLKM01000099_OLKM01000099.1_503422",1
"1090","ENA_OLKM01000102_OLKM01000102.1_305847",1
"1091","ENA_OLKM01000105_OLKM01000105.1_171821",1
"1092","ENA_OLKM01000108_OLKM01000108.1_105072",1
"1093","ENA_OLKM01000123_OLKM01000123.1_492567",1
"1094","ENA_OLKM01000125_OLKM01000125.1_247386",1
"1095","ENA_OLKM01000126_OLKM01000126.1_226382",1
"1096","ENA_OLKM01000132_OLKM01000132.1_361139",1
"1097","ENA_OLKM01000136_OLKM01000136.1_241362",1
"1098","ENA_OLKM01000137_OLKM01000137.1_72895",1
"1099","ENA_OLKM01000142_OLKM01000142.1_383869",1
"1100","ENA_OLKM01000147_OLKM01000147.1_344060",1
"1101","ENA_OLKM01000150_OLKM01000150.1_248691",1
"1102","ENA_OLKM01000152_OLKM01000152.1_58023",1
"1103","ENA_OLKM01000153_OLKM01000153.1_53716",1
"1104","ENA_OLKM01000156_OLKM01000156.1_141604",1
"1105","ENA_OLKM01000156_OLKM01000156.1_141635",1
"1106","ENA_OLKM01000157_OLKM01000157.1_95042",1
"1107","ENA_OLKM01000163_OLKM01000163.1_296954",1
"1108","ENA_OLKM01000166_OLKM01000166.1_407958",1
"1109","ENA_OLKM01000166_OLKM01000166.1_449330",1
"1110","ENA_OLKM01000167_OLKM01000167.1_366737",1
"1111","ENA_OLKM01000173_OLKM01000173.1_143177",1
"1112","ENA_OLKM01000174_OLKM01000174.1_172784",1
"1113","ENA_OLKM01000175_OLKM01000175.1_152413",1
"1114","ENA_OLKM01000175_OLKM01000175.1_25541",1
"1115","ENA_OLKM01000178_OLKM01000178.1_150599",1
"1116","ENA_OLKM01000184_OLKM01000184.1_344456",1
"1117","ENA_OLKM01000184_OLKM01000184.1_359895",1
"1118","ENA_OLKM01000199_OLKM01000199.1_300475",1
"1119","ENA_OLKM01000199_OLKM01000199.1_300482",1
"1120","ENA_OLKM01000202_OLKM01000202.1_35896",1
"1121","ENA_OLKM01000205_OLKM01000205.1_301158",1
"1122","ENA_OLKM01000207_OLKM01000207.1_145733",1
"1123","ENA_OLKM01000211_OLKM01000211.1_433605",1
"1124","ENA_OLKM01000227_OLKM01000227.1_45833",1
"1125","ENA_OLKM01000233_OLKM01000233.1_333569",1
"1126","ENA_OLKM01000238_OLKM01000238.1_231730",1
"1127","ENA_OLKM01000242_OLKM01000242.1_323745",1
"1128","ENA_OLKM01000242_OLKM01000242.1_389294",1
"1129","ENA_OLKM01000255_OLKM01000255.1_117105",1
"1130","ENA_OLKM01000257_OLKM01000257.1_357905",1
"1131","ENA_OLKM01000258_OLKM01000258.1_148363",1
"1132","ENA_OLKM01000259_OLKM01000259.1_238408",1
"1133","ENA_OLKM01000259_OLKM01000259.1_252566",1
"1134","ENA_OLKM01000265_OLKM01000265.1_316449",1
"1135","ENA_OLKM01000267_OLKM01000267.1_65857",1
"1136","ENA_OLKM01000271_OLKM01000271.1_202767",1
"1137","ENA_OLKM01000282_OLKM01000282.1_63989",1
"1138","ENA_OLKM01000291_OLKM01000291.1_157845",1
"1139","ENA_OLKM01000298_OLKM01000298.1_107621",1
"1140","ENA_OLKM01000325_OLKM01000325.1_289165",1
"1141","ENA_OLKM01000326_OLKM01000326.1_179235",1
"1142","ENA_OLKM01000329_OLKM01000329.1_123080",1
"1143","ENA_OLKM01000335_OLKM01000335.1_108225",1
"1144","ENA_OLKM01000335_OLKM01000335.1_216598",1
"1145","ENA_OLKM01000347_OLKM01000347.1_248144",1
"1146","ENA_OLKM01000352_OLKM01000352.1_214629",1
"1147","ENA_OLKM01000368_OLKM01000368.1_230453",1
"1148","ENA_OLKM01000378_OLKM01000378.1_56171",1
"1149","ENA_OLKM01000380_OLKM01000380.1_110695",1
"1150","ENA_OLKM01000386_OLKM01000386.1_40648",1
"1151","ENA_OLKM01000398_OLKM01000398.1_42645",1
"1152","ENA_OLKM01000407_OLKM01000407.1_138205",1
"1153","ENA_OLKM01000410_OLKM01000410.1_64851",1
"1154","ENA_OLKM01000431_OLKM01000431.1_224124",1
"1155","ENA_OLKM01000434_OLKM01000434.1_207041",1
"1156","ENA_OLKM01000454_OLKM01000454.1_204037",1
"1157","ENA_OLKM01000454_OLKM01000454.1_204339",1
"1158","ENA_OLKM01000476_OLKM01000476.1_15023",1
"1159","ENA_OLKM01000485_OLKM01000485.1_188160",1
"1160","ENA_OLKM01000529_OLKM01000529.1_204929",1
"1161","ENA_OLKM01000529_OLKM01000529.1_204953",1
"1162","ENA_OLKM01000536_OLKM01000536.1_168315",1
"1163","ENA_OLKM01000559_OLKM01000559.1_198383",1
"1164","ENA_OLKM01000575_OLKM01000575.1_244435",1
"1165","ENA_OLKM01000575_OLKM01000575.1_244582",1
"1166","ENA_OLKM01000590_OLKM01000590.1_82815",1
"1167","ENA_OLKM01000598_OLKM01000598.1_166774",1
"1168","ENA_OLKM01000613_OLKM01000613.1_139335",1
"1169","ENA_OLKM01000614_OLKM01000614.1_126049",1
"1170","ENA_OLKM01000614_OLKM01000614.1_17506",1
"1171","ENA_OLKM01000624_OLKM01000624.1_161395",1
"1172","ENA_OLKM01000624_OLKM01000624.1_225442",1
"1173","ENA_OLKM01000630_OLKM01000630.1_199976",1
"1174","ENA_OLKM01000633_OLKM01000633.1_56594",1
"1175","ENA_OLKM01000648_OLKM01000648.1_137090",1
"1176","ENA_OLKM01000656_OLKM01000656.1_232351",1
"1177","ENA_OLKM01000656_OLKM01000656.1_232371",1
"1178","ENA_OLKM01000660_OLKM01000660.1_233921",1
"1179","ENA_OLKM01000670_OLKM01000670.1_185518",1
"1180","ENA_OLKM01000716_OLKM01000716.1_172956",1
"1181","ENA_OLKM01000722_OLKM01000722.1_83199",1
"1182","ENA_OLKM01000732_OLKM01000732.1_149153",1
"1183","ENA_OLKM01000739_OLKM01000739.1_213517",1
"1184","ENA_OLKM01000744_OLKM01000744.1_189793",1
"1185","ENA_OLKM01000757_OLKM01000757.1_188221",1
"1186","ENA_OLKM01000773_OLKM01000773.1_152824",1
"1187","ENA_OLKM01000792_OLKM01000792.1_152052",1
"1188","ENA_OLKM01000823_OLKM01000823.1_24108",1
"1189","ENA_OLKM01000824_OLKM01000824.1_104605",1
"1190","ENA_OLKM01000843_OLKM01000843.1_74715",1
"1191","ENA_OLKM01000914_OLKM01000914.1_154062",1
"1192","ENA_OLKM01000914_OLKM01000914.1_98089",1
"1193","ENA_OLKM01000916_OLKM01000916.1_75453",1
"1194","ENA_OLKM01000919_OLKM01000919.1_112085",1
"1195","ENA_OLKM01000945_OLKM01000945.1_43755",1
"1196","ENA_OLKM01000960_OLKM01000960.1_180501",1
"1197","ENA_OLKM01000961_OLKM01000961.1_160538",1
"1198","ENA_OLKM01000969_OLKM01000969.1_180206",1
"1199","ENA_OLKM01000982_OLKM01000982.1_133016",1
"1200","ENA_OLKM01000993_OLKM01000993.1_140892",1
"1201","ENA_OLKM01001018_OLKM01001018.1_91444",1
"1202","ENA_OLKM01001020_OLKM01001020.1_154799",1
"1203","ENA_OLKM01001021_OLKM01001021.1_46133",1
"1204","ENA_OLKM01001032_OLKM01001032.1_97173",1
"1205","ENA_OLKM01001034_OLKM01001034.1_33756",1
"1206","ENA_OLKM01001062_OLKM01001062.1_59480",1
"1207","ENA_OLKM01001080_OLKM01001080.1_69580",1
"1208","ENA_OLKM01001145_OLKM01001145.1_113691",1
"1209","ENA_OLKM01001158_OLKM01001158.1_88458",1
"1210","ENA_OLKM01001162_OLKM01001162.1_6364",1
"1211","ENA_OLKM01001216_OLKM01001216.1_110987",1
"1212","ENA_OLKM01001231_OLKM01001231.1_53303",1
"1213","ENA_OLKM01001255_OLKM01001255.1_62898",1
"1214","ENA_OLKM01001257_OLKM01001257.1_78167",1
"1215","ENA_OLKM01001265_OLKM01001265.1_12522",1
"1216","ENA_OLKM01001277_OLKM01001277.1_19915",1
"1217","ENA_OLKM01001292_OLKM01001292.1_34647",1
"1218","ENA_OLKM01001302_OLKM01001302.1_139642",1
"1219","ENA_OLKM01001303_OLKM01001303.1_47529",1
"1220","ENA_OLKM01001307_OLKM01001307.1_54511",1
"1221","ENA_OLKM01001422_OLKM01001422.1_52883",1
"1222","ENA_OLKM01001497_OLKM01001497.1_93487",1
"1223","ENA_OLKM01001522_OLKM01001522.1_44983",1
"1224","ENA_OLKM01001607_OLKM01001607.1_61301",1
"1225","ENA_OLKM01001644_OLKM01001644.1_54598",1
"1226","ENA_OLKM01001652_OLKM01001652.1_91175",1
"1227","ENA_OLKM01001665_OLKM01001665.1_98267",1
"1228","ENA_OLKM01001780_OLKM01001780.1_57108",1
"1229","ENA_OLKM01001812_OLKM01001812.1_22170",1
"1230","ENA_OLKM01001850_OLKM01001850.1_94774",1
"1231","ENA_OLKM01001869_OLKM01001869.1_26999",1
"1232","ENA_OLKM01001870_OLKM01001870.1_93890",1
"1233","ENA_OLKM01001921_OLKM01001921.1_57803",1
"1234","ENA_OLKM01001933_OLKM01001933.1_61267",1
"1235","ENA_OLKM01001971_OLKM01001971.1_20854",1
"1236","ENA_OLKM01001978_OLKM01001978.1_10648",1
"1237","ENA_OLKM01002013_OLKM01002013.1_68048",1
"1238","ENA_OLKM01002125_OLKM01002125.1_8086",1
"1239","ENA_OLKM01002160_OLKM01002160.1_28989",1
"1240","ENA_OLKM01002184_OLKM01002184.1_47694",1
"1241","ENA_OLKM01002191_OLKM01002191.1_44644",1
"1242","ENA_OLKM01002206_OLKM01002206.1_61604",1
"1243","ENA_OLKM01002247_OLKM01002247.1_40271",1
"1244","ENA_OLKM01002317_OLKM01002317.1_33442",1
"1245","ENA_OLKM01002326_OLKM01002326.1_65960",1
"1246","ENA_OLKM01002385_OLKM01002385.1_13395",1
"1247","ENA_OLKM01002505_OLKM01002505.1_21290",1
"1248","ENA_OLKM01002766_OLKM01002766.1_35830",1
"1249","ENA_OLKM01002818_OLKM01002818.1_42396",1
"1250","ENA_OLKM01003042_OLKM01003042.1_44060",1
"1251","ENA_OLKM01003158_OLKM01003158.1_26846",1
"1252","ENA_OLKM01003316_OLKM01003316.1_23723",1
"1253","ENA_OLKM01003432_OLKM01003432.1_5575",1
"1254","ENA_OLKM01003529_OLKM01003529.1_17124",1
"1255","ENA_OLKM01003978_OLKM01003978.1_21611",1
"1256","ENA_OLKM01003978_OLKM01003978.1_21634",1
"1257","ENA_OLKM01004189_OLKM01004189.1_7340",1
"1258","ENA_OLKM01004331_OLKM01004331.1_7912",1
"1259","ENA_OLKM01004429_OLKM01004429.1_8999",1
"1260","ENA_OLKM01004954_OLKM01004954.1_7851",1
"1261","ENA_OLKM01005460_OLKM01005460.1_14515",1
"1262","ENA_OLKM01005707_OLKM01005707.1_14639",1
"1263","ENA_OLKM01006138_OLKM01006138.1_4217",1
"1264","ENA_OLKM01006158_OLKM01006158.1_8130",1
"1265","ENA_OLKM01006939_OLKM01006939.1_4444",1
"1266","ENA_OLKM01006994_OLKM01006994.1_7315",1
"1267","ENA_OLKM01007279_OLKM01007279.1_3105",1
"1268","ENA_OLKM01007349_OLKM01007349.1_161",1
"1269","ENA_OLKM01007958_OLKM01007958.1_8463",1
